,,,,,,,,,,,,,,,
,ACTIVITIES,,,,,,,,,,,,,,
,,,,,,,,,,,,,,,
,,,,,,,,,,,,,,,
,daily activities,,open world farming,,,castle erebban,,,survivors bane,,,shadow contracts,,,
,rewards,,dungeons,,,abyssal verge,,,fractured planes,,,path of blood,,,
,tier lists,,accursed towers,,,oblivion pillars,,,alley of blood,,,shadow war,,,
,,,elder rift,,,helliquary raids,,,conqueror,,,assembly,,,
,ancient arena,,challenge rift,,,purge the depths,,,wild brawl,,,raid the vault,,,
,sentinel's stand,,terror rift,,,endless defense,,,tower wars,,,vigil of blades,,,
,destruction's call,,bounties,,,ibn fahds sanctum,,,trial of the hordes,,,akeba's ordeal,,,
,diablo boss fight,,fishing,,,vanguard,,,,,,kion's ordeal,,,
,,,,,,,,,,,,corvus,,,
,,,,,,,,,,,,rite of exile,,,
,,,,,,,,,,,,,,,
,,,,,,,,,,,,,,,
,,,,,,,,,,,,,,,
,Daily / Weekly Activities,,,,,,,,,,,,,,
,,,,,,,,,,,,,,,
,Priority,,,,,,,,,,,,,,
,1. Open first Chest in Ibn Fahds Sanctum. When you have 377 keys open all chests,,,,,,,,,,,,,,
,2. Complete Sentinel's Stand World Quest once a day to get 1-3 Legendary Gear Pieces + Gold/Scrap,,,,,,,,,,,,,,
,3. Collect your free Rare Crest at the Elder Rift Portal,,,,,,,,,,,,,,
,4. Take part in the Assembly to collect 4 Blessings / Kion + Corvus to get Aspirant Keys + 1 Legendary Crest,,,,,,,,,,,,,,
,5. Complete 2 Hellslayer Bounties / Normal Bounties,,,,,,,,,,,,,,
,"6. Complete any active Event with good rewards (Pearls, Crests, Gems, Keys, Legendary Gear)",,,,,,,,,,,,,,
,Optional,,,,,,,,,,,,,,
,1. Do Random Dungeons or Accursed Tower Runs in Party of 4 to get the 12 daily normal gems,,,,,,,,,,,,,,
,2. Compete in the Battlegrounds,,,,,,,,,,,,,,
,3. Collect 10 Monstrous Essences for 1 Legendary Gear Piece ,,,,,,,,,,,,,,
,4. Kill 1 Orange Elite for 1 Legendary Gear Piece,,,,,,,,,,,,,,
,,,,,,,,,,,,,,,
,,,,,,,,,,,,,,,
,Weekly,,,,,,,,,,,,,,
,1. Complete Hidden Lairs or Abyssal Verge / Ereban to get 126 Gems,,,,,,,,,,,,,,
,2. Do your Helliquary Warband Raids on Monday and Thursday,,,,,,,,,,,,,,
,3. Complete your 20 Shadow Missions / 60 Immortal Tasks (Just run 7 Vaults on Monday),,,,,,,,,,,,,,
,4. Participate in Shadow Wars on Thursday and Saturday (and Sunday),,,,,,,,,,,,,,
,5. Do your Warband Normal Defense of Castle Cyrangar,,,,,,,,,,,,,,
,6. Run 28 Elder Rifts,,,,,,,,,,,,,,
,7. Buy 3 Contracts at Niszas Shop,,,,,,,,,,,,,,
,8. Do Accursed Tower Runs to get the Chests (best to do late in the week),,,,,,,,,,,,,,
,9. Earn 10 Reward Chests from Terror Rifts to get 1 Eternal Gear Piece,,,,,,,,,,,,,,
,"10. Buy Pearl, Reforge Stones, Normal Gems, Charms and Rare Crests from the HILT Vendor",,,,,,,,,,,,,,
,11. Complete Diablo World Quest once a week to get 1 Legendary Gear Piece,,,,,,,,,,,,,,
,12. Complete Vanguard on Monday and Thursday,,,,,,,,,,,,,,
,13. Complete Akeba's Ordeal on Monday,,,,,,,,,,,,,,
,14. Complete the Zone Event in Sharval Wilds once a week,,,,,,,,,,,,,,
,,,,,,,,,,,,,,,
,,,,,,,,,,,,,,,
,To cap your weekly Battle Points and cap most of the weekly rewards - this is an example of the activities / time to invest:,,,,,,,,,,,,,,
,,,,,,,,,,,,,,,
,Weekly Activity,BP / run,min / run,Runs,Sum BP,Time (min),,,,,,,,,
,Elder Rifts,8,2,28,224,56,,,,,,,,,
,Abyssal Verge*,8,"2,5",24,192,60,*between 16-32 runs depending on #Points,,,,,,,,
,Abyssal Essences,10,0,3,30,0,*1-2 Essences per Abyssal Verge Run,,,,,,,,
,Monstrous Essences,40,"0,5",6,240,3,*2-3 Essences per Abyssal Verge Run,,,,,,,,
,Challenge Dungeons*,20,"3,5",21,420,"73,5",*between 15-25BP,,,,,,,,
,Vanguard,20,3,10,200,30,,,,,,,,,
,Helliquary Raids,20,3,10,200,30,,,,,,,,,
,Ibn Fahds,10,0,7,70,0,*Familiar Expedtion,,,,,,,,
,Terror Rift*,16,3,10,160,30,*between 8-32 Pts depending on #Spires,,,,,,,,
,(Helliquary) Bounties,32,"2,5",7,224,"17,5",,,,,,,,,
,Raid the Vault,15,"2,5",7,105,"17,5",,,,,,,,,
,Diablo Boss Fight,20,2,1,20,2,,,,,,,,,
,Accursed Towers,8,2,18,144,36,*8 BP for 400+ Shards,,,,,,,,
,Normal Defense,20,5,1,20,5,,,,,,,,,
,,,,,2249,~6h,* Plus Bonus BP from featured Activities,,,,,,,,
,,,,,,,,,,,,,,,
,,,,,,,,,,,,,,,
,,,,,,,,,,,,,,,
,,,,,,,,,,,,,,,
,Tier Lists,,,,,,,,,,,,,,
,,,,,,,,,,,,,,,
,Tier List of PVE Activities,,,,,,,,,,,,,,
,,,,,,,,,,,,,,,
,S,"Challenge
Dungeons","Accursed
Towers","Abyssal
Verge","Hellslayer
Bounties","Akeba's
Ordeal",,,,,,,,,
,A,"Elder
Rift","Castle
Erebban","Hidden
Lairs","AFK
Farming(4)",Vanguard,"Diablo
Quest","Sentinels
Stand",Assembly,,,,,,
,B,"Open World
Farming","Helliquary
Raid",Bounties,"Oblivion
Pillars","Path of
Blood",,,,,,,,,
,C,"Challenge
Rift","Endless
Cyrangar","Ibn
Fahds","Terror
Rift",Fishing,"AFK
Farming(1)","Normal
Dungeons",Kion,,,,,,
,D,"Purge the
Depths","Normal
Cyrangar","Shadow
Contracts",,,,,,Corvus,,,,,
,,,,,,,,,,,,,,,
,,,,,,,,,,,,,,,
,Tier List of PVP Activities,,,,,,,,,,,,,,
,,,,,,,,,,,,,,,
,S,Predictions,,,,,,,,,,,,,
,A,"BG
Convoy",,,,,,,,,,,,,
,B,BG,Vault,"Rite of
Exile","Vigil
of Blades","Clan Tower
Wars",,,,,,,,,
,C,"Destructions
End",,,,,,,,,,,,,
,D,"Shadow
War","Ancient
Arena",,,,,,,,,,,,
,,,,,,,,,,,,,,,
,,,,,,,,,,,,,,,
,Tier List of Limited-Time Activities (PVE/PVP),,,,,,,,,,,,,,
,,,,,,,,,,,,,,,
,S,"Survivor's
Bane",,,,,,,,,,,,,
,A,"Fractured
Plane","Alley of 
Blood (PVP)","Wild
Brawl (PVP)",,,,,,,,,,,
,B,"Howler
Hunt",,,,,,,,,,,,,
,C,"Tower
Wars (PVP)",,,,,,,,,,,,,
,D,"Conqueror
(PVP","Trial o.t.
Hordes (PVP)",,,,,,,,,,,,
,,,,,,,,,,,,,,,
,,,,,,,,,,,,,,,
,Tier List of Limited-Time Events,,,,,,,,,,,,,,
,,,,,,,,,,,,,,,
,S,"Mirrored
Jewels","Winds of
Fortune",,,,,,,,,,,,
,A,"All Clans
on Deck",,,,,,,,,,,,,
,B,"Shady
Stock","Hungering
Moon","Seasonal
Event",,,,,,,,,,,
,C,,,,,,,,,,,,,,
,D,,,,,,,,,,,,,,
,,,,,,,,,,,,,,,
,,,,,,,,,,,,,,,
,,,,,,,,,,,,,,,
,,,,,,,,,,,,,,,
,Activity Reward Overview ,,,,,,,,,,,,,,
,Here is an overview of the different Activities / Events and the rewards that can be earned,,,,,,,,,,,,,,
,,,,,,,,,,,,,,,
,Activity (PVE),Time,"Battle
Points",Experience,"Gold
Scrap
Dust","Legendary
Items","Set
Items","Aspirant
Keys","Normal
Gems","Familiar
Contracts",Rune,HILTS,"Legendary
Crest","Rare
Crest","Telluric
Pearl"
,Abyssal Verge,2-3min,6-8,,X,X,,,X,X,X,,,,
,Castle Erebban,3-5min,6-8,,X,X,,,X,X,X,,,,
,Accursed Towers,,2-8,,X,X,,,X(4),X,X,,,,
,Ibn Fahds,2min,10,,X,X,,X,,X,X,,,,
,Elder Rift,2min,8,,X,X,,X,,X,X,,,,
,Challenge Dungeon,3-5min,15-25,,X,X,X,,X(4),X,X,,,,
,Normal Dungeons,2-4min,15-25,,X,X,X,,X(4),X,X,,,,
,Challenge Rift,1-10min,,124.974,,X,,,,,,,,,
,Terror Rift,2-10min,8-32,,,X,,,X(4),,,,,,
,Oblivion Pillar,2min,,,,X,,,,,,,,,
,Hellslayer Bounty,2min,32,216.400,,X,,,,,,,,,
,Normal Bounty,5-10min,8,54.100,X,X,,,X(4),,,,,,
,Hidden Lair,4min,,,X,X,,,X,X,X,,,,
,Open World Farming,,,,X,X,,,X(4),X,X,,,,
,Fishing,"2,5-5min",1/Fish,,X,X,,,X,,,,,,
,AFK Farming (4),1h,,11.000.000,,X,,,X,X,X,,,,
,AFK Farming (Solo),1h,,3.000.000,,X,,,,X,X,,,,
,Endless Defense,,3/min,,,,,,,,,,,,
,Normal Defense,,20,,,,,,,,,,,,
,Purge the Depths,,15,,X,X,,,,,,,,,
,Helliquary Raid,2min,20,2.000.000,,X,,,,,,,,,
,Vanguard,3-4min,20,,,X,X,,,,,,,,
,"Activity (PVE)
Shadows/Immortals",Time,"Battle
Points",Experience,"Gold
Scrap
Dust","Legendary
Items","Set
Items","Aspirant
Keys","Normal
Gems","Familiar
Contracts",Rune,HILTS,"Legendary
Crest","Rare
Crest","Telluric
Pearl"
,Shadow Contracts,5-10min,,324.000,X,X,,,,,,,,,
,Shadow Assembly,8min,,432.400,,X,,12,,,,,,,
,Shadow Path of Blood,10min,,,X,X,,,,,,,,,
,Immortal Kion,15min,,,,X,,15,,,,,,,
,Immortal Corvus,20min,,176.094,,X,,12,,,,,,,
,Activity (PVP),Time,"Battle
Points",Experience,"Gold
Scrap
Dust","Legendary
Items","Set
Items","Aspirant
Keys","Normal
Gems","Familiar
Contracts",Rune,HILTS,"Legendary
Crest","Rare
Crest","Telluric
Pearl"
,Battlegrounds,,20,189.192,X,X,,,,,,,,,
,Defend the Vault,,15,,X,X,,,,,,X,,,
,Raid the Vault,2min,15,,X,X,,,,,,X,,,
,Shadow War,10min,,1.600.000,X,X,,X,,,,,X,,
,Vigil of Blades,30min,,1.600.000,X,X,,,,,,,,,
,Rite of Exile,"1,5h",,,,,,,,,,,,,
,Predictions,1min,,,,,,,,,,X,,,
,Clan Tower Wars,30min,,,X,X,,,,,,,,,
,"Limited Time
Activities (PVE)",Cadence,"Battle
Points",Experience,"Gold
Scrap
Dust","Legendary
Items","Set
Items","Aspirant
Keys","Normal
Gems","Familiar
Contracts",Rune,HILTS,"Legendary
Crest /
Gem","Rare
Crest","Telluric
Pearl"
,Fractured Planes,monthly,X,,X,8,,,,,,,,,
,Survivors Bane,monthly,X,,X,14,1,,,,,,,,
,"Limited Time
Activities (PVP)",Cadence,"Battle
Points",Experience,"Gold
Scrap
Dust","Legendary
Items","Set
Items","Aspirant
Keys","Normal
Gems","Familiar
Contracts",Rune,HILTS,"Legendary
Crest /
Gem","Rare
Crest","Telluric
Pearl"
,Tower War,,X,,X,X,,,,,,,,,
,Conqueror,monthly,X,,X,2,,,,,,,,,
,Wild Brawl,monthly,X,,X,4,,,12,,,,,,
,Alley of Blood,monthly,X,,X,3,,,12,,,,,,
,Trial of the Hordes,monthly,X,,X,13,,,,,,,,,
,Howler Hunt,,X,,X,7,,,,,,,,,
,"Limited Time
Events",Cadence,"Battle
Points",Experience,"Gold
Scrap
Dust","Legendary
Items","Set
Items","Aspirant
Keys","Normal
Gems","Familiar
Contracts",Rune,HILTS,"Legendary
Crest /
Gem","Rare
Crest","Telluric
Pearl"
,Hungering Moon,monthly,,,X,1,,15,4,,,,1,3,1
,All Clans on Deck,monthly,,,X,4,1,15,3,,,,1,,
,Shady Stock,monthly,,,X,7,1,,,,,,,,
,Seasonal Event,monthly,X,,X,1,,,,,,,1,3,1
,Winds of Fortune,,X,X,X,X,,,X,,,,,,
,Mirrored Jewels,,,,,,,,,,,,1-10,,
,Battle Pass,monthly,,,,1,,,42,1,,7900,3,23,8
,,,,,,,,,,,,,,,
,,,,,,,,,,,,,,,
,,,,,,,,,,,,,,,
,,,,,,,,,,,,,,,
,Open World Farming,,,,,,,,,,,,,,
,One of the best ways to gain experience and farm for equipment pieces and upgrade materials is open world farming.,,,,,,,,,,,,,,
,"Although not the most efficient way, it can be more relaxing ",,,,,,,,,,,,,,
,,,,,,,,,,,,,,,
,Zones,,,,,,,,,,,,,,
,There are 14 different Zones for open world farming and most of them have 1-3 good farming spots. ,,,,,,,,,,,,,,
,,,,,,,,,,,,,,,
,Zone,Lair Layout,World Boss,Zone Event,,Specials,Fishing,AFK Spots,Best Spots,,Theme,Tier,,,
,Ancient Cradle,Light Cave,The Jurat,"Destruction's Call
Open World PVP",,,,,"Shieldholm
Spoiled Groves
Hinderlands",,Light,B,,,
,Ashworld,Castle,,Carriage,,,yes,,"Ashworld Manor
Queen Asyllas Tomb
The Ossuary",,Dark,B,,,
,Dark Wood,Castle,Blood Rose,,,Corruption,,,"Dark Wood
Fetid Swamp
Cursed Grove",,Dark,C,,,
,Bilefen,Light Cave,,"Ancient Arena
PVP Event",,,yes,1,"Infested Quagmire
Southern Wetlands
Northern Wetlands",,Dark,A,,,
,Mount Zavain,Light Cave,"Lord 
Martanos",Ancient Nightmare,,,,1,"Zakarum Graveyard
Sanctific Earth Monastery
Khazra Warrior Camp",,Light,S,,,
,Zoltan Library,Light Cave,"Hydra /
Golem",,,Lost Pages,,1,"Hidden Alcove
The Square 
Archive of Secrets",,Dark,S,,,
,Realm o. Damn.,Underground,,Demon Gates,,,,,"Plains of Torment
Molten Egress
Forest of Misery",,Light / Dark,A,,,
,Stormpoint,Underground,,Defense o. Stormpoint,,,,,"Ship Graveyard
Stormpoint Keep
The Shanties",,Dark,A,,,
,South. Dreadlands,Light Cave,,Sentinel's Stand,,,,2,"Outsider's Camp
Underdeeps
Desolate Gaol",,Light / Dark,S,,,
,Frozen Tundra,Underground,,Call of the Ancients,,"Ancestral
Essences",yes,1,"Ruins of Sescheron
Ancient Graveyard
Plains of Blood",,Light,A,,,
,Shassar Sea,,,,,Lost Scroll,,2,"Oasis of no return
Domain of Horror
Ruins of greater Fahira",,Light / Dark,S,,,
,Worlds Crown,none,Diablo,,,,,,,,Light,B,,,
,Wortham,none,,,,,,,The Festering Woods,,Light,D,,,
,Sharval Wilds,,,,,,,,,,,,,,
,,,,,,,,,,,,,,,
,,,,,,,,,,,,,,,
,Circle Farming,,,,,,,,,,,,,,
,The most common and most effective way to farm is to pick a route and run in a circle. this way the mobs you killed at the beginning of your route have had,,,,,,,,,,,,,,
,time to respawn and you can run in an infinite loop until you have gathered 10 monstrous essences and have to return back to town to collect your bestiary reward,,,,,,,,,,,,,,
,"You dont have to return to town to go to the blacksmith when your inventory is full if you have a familiar with the ""Salvager"" Trait",,,,,,,,,,,,,,
,"Dont forget to select ""auto pickup loot"" in the settings, otherwise your farming experience will be miserable.",,,,,,,,,,,,,,
,,,,,,,,,,,,,,,
,Group Farming,,,,,,,,,,,,,,
,Farming in the same Zone with a party of four has a few benefits: ,,,,,,,,,,,,,,
,the legendary drop chance is increased.,,,,,,,,,,,,,,
,you have a chance of random normal gem drops (12 per day).,,,,,,,,,,,,,,
,you will farm much faster because you work together when killing monsters,,,,,,,,,,,,,,
,"you will gain more experience, because you can keep kill streaks going which will reward you with bonus EXP.",,,,,,,,,,,,,,
,,,,,,,,,,,,,,,
,Tagging,,,,,,,,,,,,,,
,"The first player who lands an attack on a monster ""tags"" the monster and gets all the rewards when it dies.",,,,,,,,,,,,,,
,"if another player has tagged a monster you will see its Name ""whitened"" instead of e.g. blue/yellow/red",,,,,,,,,,,,,,
,"If the player who has tagged the monster dies while attacking it, another player can tag it",,,,,,,,,,,,,,
,,,,,,,,,,,,,,,
,Monstrous Essences & Beastiary,,,,,,,,,,,,,,
,Monsters in the open world zones randomly drop monstrous essences (about every 2 minutes). Once you have collected 10 of them go to the nearest safe zone,,,,,,,,,,,,,,
,"and open your bestiary to collect the rewards. the first turn-in each day gives you a guaranteed legendary item, the first three turn-ins have a random chance of",,,,,,,,,,,,,,
,"discovering a new beastiary page. if you already have discovered the page, you get compensated with 3000-6000 gold.",,,,,,,,,,,,,,
,You can turn in monstrous essences more than 3 times a day and you will still get the rewards. Chances of getting legendary items as areward are pretty high here.,,,,,,,,,,,,,,
,,,,,,,,,,,,,,,
,Hidden Lairs,,,,,,,,,,,,,,
,Hidden lairs will appear randomly on in the zones you are farming in. they have fixed spots but are not always open. ,,,,,,,,,,,,,,
,"when a lair opens, you will be notified and guided to the entrance. you can run a lair solo or in a group",,,,,,,,,,,,,,
,"The monster difficulty in a Hidden Lair is different then the difficulty in the open world zone. It is the same as in dungeons, so you might have a harder time killing Elites (especially yellow elites).",,,,,,,,,,,,,,
,Running a lair in a group of 4 rewards you with 2 extra chests at the end of each level,,,,,,,,,,,,,,
,Lairs have 2 levels. during each level there are 2 objectives and 1 lair guardian that will drop bonus chests as rewards. ,,,,,,,,,,,,,,
,these chests contain normal gems and equipment pieces. if you run in a group of 4 you will get 2 bonus chests at the end of each level.,,,,,,,,,,,,,,
,Hidden Lairs reward guaranteed Normal Gems for each objective (until weekly cap is reached),,,,,,,,,,,,,,
,Zones with the most Hidden Lairs in close proximity are:,,,,,,,,,,,,,,
,,,,,,,,,,,,,,,
,Zone,Location,,,,,,,,,,,,,
,Bilefen,North,,,,,,,,,,,,,
,Ashworld,South-West,,,,,,,,,,,,,
,Zoltans Library,East,,,,,,,,,,,,,
,,,,,,,,,,,,,,,
,The Lair Layouts vary and there is one (Realm of Damnation Layout) that has many Deadends and takes a lot longer to complete,,,,,,,,,,,,,,
,"So, if you are farming hidden lairs in one Zone, it is best to avoid Zones with that layout",,,,,,,,,,,,,,
,,,,,,,,,,,,,,,
,Tasks,,,,,,,,,,,,,,
,"tasks are little side stories in the open world zones  you can pick up while farming. they each reward you with enchanted dust, scrap and sometimes legendary equipment",,,,,,,,,,,,,,
,"there is a task limit of 24 tasks per day, after that you dont earn any Dust from the reward chests anymore",,,,,,,,,,,,,,
,,,,,,,,,,,,,,,
,Task Type,,Location,,,,,,,,,,,,
,Story Task,,"story tasks are spread out through each zone with various NPCs. when you come across an NPC with the story icon above their head, click and start. ",,,,,,,,,,,,
,Pop-Up Task: break the curse,,when you open a cursed chest a mini event begins. if you kill all enemies in time you get to open 2 chests to get the rewards. there is a limit of 4 cursed chests per day. after that you dont earn any enchanted dust from the chests anymore.,,,,,,,,,,,,
,Pop-Up Task: cleansing the rot,,"when this task starts a circle on the map is shown, you have to kill 20 monsters inside this area to earn a chest. if you leave the circle the task will not be completed. you will be warned when you come close to the border of the circle. ",,,,,,,,,,,,
,Pop-Up Task: wanted,,"when this task starts, a purple elite spawns. if you kill it you earn a chest ",,,,,,,,,,,,
,Pop-Up Task: ambush,,when this task starts 6-8 enemies will ambush you - you have to defeat all to earn a chest ,,,,,,,,,,,,
,,,,,,,,,,,,,,,
,,,,,,,,,,,,,,,
,Monsters,,,,,,,,,,,,,,
,"there are 6 different types of monsters running (or better: standing) around in the open world. 4 kinds of Elite monsters, trash mobs of various size and rare treasure goblins",,,,,,,,,,,,,,
,"The monsters are either demons, undead, beasts or human. this is sometimes important because there are magic affixes and reforge bonus that increase",,,,,,,,,,,,,,
,the damage against specific minion groups.,,,,,,,,,,,,,,
,"Killing them rewards you with different amounts of EXP, Gold and Equipment drops.",,,,,,,,,,,,,,
,,,,,,,,,,,,,,,
,Monster Overview,,,,,,,,,,,,,,
,Monster,Category,HP (min),HP (max),EXP (min),EXP (max),Gold,Equipment,Dust,,,,,,
,Purple Elite,Elite,1020000,,16216,,0,2,3,,,,,,
,Orange Elite,Elite,750000,,21038,,550,3,,,,,,,
,Yellow Elite,Elite,474000,,4054,,400,3,,,,,,,
,Blue Elite Pack,Elite,160000,,4860,,200,2,,,,,,,
,Normal Mobs,Category A,162000,220000,1458,1620,,1*,,,,,,,
,Normal Mobs,Category B,40000,99000,486,540,40-120,0-1,,,,,,,
,Normal Mobs,Category C,21000,30000,104,162,40-120,0-1,,,,,,,
,Treasure Goblin,Other,,,1532,,2500-3200,9-11,,,,,,,
,,,,,,,,,,,,,,,
,Purple Elites,,,,,,,,,,,,,,
,"Purple Elites pop up when the ""wanted"" task occurs. They have fixed spots on the map and always spawn at the same location. ",,,,,,,,,,,,,,
,"They typically have multiple health bars, symbolized by the red diamonds to the right of the bar",,,,,,,,,,,,,,
,"They do moderate damage, but have extremely high health (1,02 Mio).",,,,,,,,,,,,,,
,"Killing purple Elites is a good way of gaining dust, so picking a farming spot with multiple purple elite spawn locations is a good choice",,,,,,,,,,,,,,
,,,,,,,,,,,,,,,
,Orange Elites,,,,,,,,,,,,,,
,"Orange or ""Ancient"" Elites are a single tough enemy surrounded by 4-6 minions. They are the least common Elite in the game. ",,,,,,,,,,,,,,
,"They have three random affixes. Their minions all have the Empowered Minion affix which increases Life, Damage, and Movement Speed",,,,,,,,,,,,,,
,The first Orange Elite you kill each day rewards you with a guaranteed legendary item. ,,,,,,,,,,,,,,
,The next Orange Elites you kill also have a high legendary drop chance,,,,,,,,,,,,,,
,,,,,,,,,,,,,,,
,Yellow Elites,,,,,,,,,,,,,,
,"A yellow Elite is a single tough enemy. They are less common than Blue Elites, with two random affixes.",,,,,,,,,,,,,,
,The first 4 yellow Elites each day have a higher chance of dropping a legendary item.,,,,,,,,,,,,,,
,"When they die, they drop 3 EXP Globes.",,,,,,,,,,,,,,
,,,,,,,,,,,,,,,
,Blue Elites,,,,,,,,,,,,,,
,"A blue Elite Pack is always made up of three enemies. They are the most common Elite in the game. Each enemy has the same, singular affix",,,,,,,,,,,,,,
,"When they die, they drop 3 EXP Globes.",,,,,,,,,,,,,,
,,,,,,,,,,,,,,,
,Normal Mobs,,,,,,,,,,,,,,
,"Normal Mobs, or ""Trash Mobs"" are the most common mobs. They come in different forms and shapes and do vary in HP and Attacking Power",,,,,,,,,,,,,,
,"Mobs from Category A do normally drop 1 equipment piece (90%), the Mobs from Category A and B can also drop equipment pieces but they have lower chances",,,,,,,,,,,,,,
,,,,,,,,,,,,,,,
,Treasure Goblin,,,,,,,,,,,,,,
,"Sometimes a treasure goblin will lurk in a corner of the map and as soon as you get close he tries to run away and then tries to open a portal to teleport to safety,",,,,,,,,,,,,,,
, dropping gold on his way while fleeing (and laughing),,,,,,,,,,,,,,
,If you attack him he will start dropping loot (gold and equipment pieces) until you kill him. The kill results in the treasure bag exploding and dropping a lot of loot,,,,,,,,,,,,,,
,Treasure Goblins do have a high chance of dropping legendary equipment,,,,,,,,,,,,,,
,Mythstealer: Drops Set items,,,,,,,,,,,,,,
,Malevolent Tormentor: Drops Legendary Equipment,,,,,,,,,,,,,,
,Gem Hoarder: Drops Gems,,,,,,,,,,,,,,
,"Odious Collector: Drops Flowing Shard, and other salvage",,,,,,,,,,,,,,
,Draff Gatherer: Drops Rhodolite and crafting materials,,,,,,,,,,,,,,
,,,,,,,,,,,,,,,
,Globes,,,,,,,,,,,,,,
,"Globes drop randomly when you kill monsters. They offer various bonus like attack speed, increased critical hit chance or movement speed increase.",,,,,,,,,,,,,,
,"You can increase the drop rate of globes by running the ""Treasure Hunter"" Paragon Tree (now Vanquisher)",,,,,,,,,,,,,,
,This will increase your farming speed because you will often have significant buffs active that let you kill  monsters in seconds.,,,,,,,,,,,,,,
,,,,,,,,,,,,,,,
,Globe,Effect,,,Duration,,,,,,,,,,
,health globe,heals you ,,,/,,,,,,,,,,
,experience globe,Gives you 1620 Experience,,,/,,,,,,,,,,
,quickening globe,increase attack speed and movement speed,,,10,,,,,,,,,,
,conduit globe,releases lightning strikes,,,40,,,,,,,,,,
,frenzy globe,increases your critical hit chance,,,12,,,,,,,,,,
,energy globe,resets your skill cooldowns,,,/,,,,,,,,,,
,charged globe,fully charges your ultimate skill,,,/,,,,,,,,,,
,,,,,,,,,,,,,,,
,Shrines,,,,,,,,,,,,,,
,"Shrines can randomly pop up in open world zones.  while the type of the shrine is random, its location is not. they always spawn at fixed spots.",,,,,,,,,,,,,,
,"Some shrines offer damage / speed bonus, others offer protection or give you the chance to gain a lot of experience fast.",,,,,,,,,,,,,,
,The duration of these benefitial effects is typically much longer than the effects from globes,,,,,,,,,,,,,,
,,,,,,,,,,,,,,,
,Shrine,Effect,,,Duration,,,,,,,,,,
,exp shrine,every monster you kill drops EXP globes,,,120,,,,,,,,,,
,fleeting shrine,Movement speed buff,,,40,,,,,,,,,,
,shield shrine,Makes you invulnerable,,,40,,,,,,,,,,
,alchemic shrine,freezes enemies,,,40,,,,,,,,,,
,empowered shrine,attack speed increased and cooldowns decreased,,,120,,,,,,,,,,
,conduit shrine,releases lightning strikes,,,40,,,,,,,,,,
,frenzy shrine,increases your critical hit chance,,,120,,,,,,,,,,
,elite shrine,chance of monsters turning into elites,,,,,,,,,,,,,
,split shrine,monsters split into more when defeated,,,,,,,,,,,,,
,,,,,,,,,,,,,,,
,Treasure Chests,,,,,,,,,,,,,,
,"Chest can spawn randomly on the map. While the type of chest is random, the location is not. Chests will spawn at fixed points in each zone,
but it will not always be a chest that is spawned. Other items like bone piles, backpacks, demon corpses or shrines can spawn in their place.",,,,,,,,,,,,,,
,"because each time any of those items is ""opened"" the next item to spawn is random, it is always a good idea to click on any of those items to give the
""good"" treasure chests (like the haunted chest and the glorious chest) a chance to appear",,,,,,,,,,,,,,
,,,,,,,,,,,,,,,
,chests,gold,equipment,dust,,,,,,,,,,,
,normal,200,0-1,,,,,,,,,,,,
,glorious,560,2,,,,,,,,,,,,
,haunted,660,8,5,,,,,,,,,,,
,heavy ornament,,,,*can only be opened by 4 players,,,,,,,,,,
,,,,,,,,,,,,,,,
,Other Items & drops,,,,,,,,,,,,,,
,There are a few other items that can spawn in places a chest or shrine would normally spawn. ,,,,,,,,,,,,,,
,Some zones have special items or drops from monsters that can only be found in those zones,,,,,,,,,,,,,,
,,,,,,,,,,,,,,,
,Name,Type,Zone,Effect,,,,,,,,,,,
,bone pile,Stationary Item,All,Refreshes your healing potion,,,,,,,,,,,
,backpack,Stationary Item,All,gives you 200 Gold,,,,,,,,,,,
,demon corpse,Stationary Item,All,Gives you 1 Gear Piece,,,,,,,,,,,
,Resurrection Stone,Drop,All,used to revive outside a safe zone,,,,,,,,,,,
,,,,,,,,,,,,,,,
,Chronicle,,,,,,,,,,,,,,
,There are little notes and story books scattered all around the different zones. You can get hints of where to find them at Rayek in Westmarch,,,,,,,,,,,,,,
,"Finding all of them will earn you rewards (Legendary Gear, Scrap, Gold)",,,,,,,,,,,,,,
,,,,,,,,,,,,,,,
,,,,,,,,,,,,,,,
,,,,,,,,,,,,,,,
,,,,,,,,,,,,,,,
,Fishing,,,,,,,,,,,,,,
,"The rod you use makes no difference in catching fish, it is just style points",,,,,,,,,,,,,,
,"When you have a mythical or legendary fish on the hook, the yellow bar will be smaller and it will move quicker",,,,,,,,,,,,,,
,You can increase your chances of catching legendary and mythical fish by letting go of a rare fish if the moving yellow bar is wide and moves slowly - the timer will not reset,,,,,,,,,,,,,,
,Fishing is a decent AFK activity to farm for dust.  ,,,,,,,,,,,,,,
,Saving up a bunch of Mythical or Legendary Fish in your Inventory can be used for Pushing Paragon Levels or to be turned in when you reach a new difficulty to get many Legendary Items at once,,,,,,,,,,,,,,
,It's also useful to turn these in when a new class comes out or when new Essences come out ,,,,,,,,,,,,,,
,"It is of course not as effective as open world farming or running elder rifts or dungeons, but you get a good chance of getting some dust an some legendaries if you wait for the rarer fish.",,,,,,,,,,,,,,
,,,,,,,,,,,,,,,
,Fishing Rewards ,,,,,,,,,,,,,,
,Fish Rarity,Time ,Chance,EXP,Gold,Dust,,,,,,,,,
,Common,0:00-1:00,100%,1600,70,0,,,,,,,,,
,Uncommon,1:00-2:30,100%,5800,400,0,,,,,,,,,
,Rare,2:30-5:00,"92,5%",6700,1000,1,,,,,,,,,
,Legendary,2:30-5:00,5%,135800,4000,2,,,,,,,,,
,Mythic,2:30-5:00,"2,5%",543100,8000,3,,,,,,,,,
,Deep Sea Chest,,?,1 normal Gem,2400,,,,,,,,,,
,,,,,,,,,,,,,,,
,If you only go for Rare Fish and you pull in the first catch after 2:30 min then you can catch  approximately 18-23 fish in 1 hour,,,,,,,,,,,,,,
,"Given the probabilties above, the average reward of such an hour of fishing would be:",,,,,,,,,,,,,,
,,,,,,,,,,,,,,,
,Time,EXP,Gold,Scrap,Dust,Legendary,,,,,,,,,
,60min,531300,26500,28,30,1,,,,,,,,,
,1min,8855,"441,67","0,47","0,50","0,017",,,,,,,,,
,,,,,,,,,,,,,,,
,,,,,,,,,,,,,,,
,FIsh & Locations,,,,,,,,,,,,,,
,"Fishing can be done in 3 zones: Bilefen, Frozen Tundra and Ashworld Cemetary",,,,,,,,,,,,,,
,Not all fish are found at the same locations. Also some fish only appear from 8-12am others only from 8-12pm,,,,,,,,,,,,,,
,,,,,,,,,,,,,,,
,Fish,Type,Frozen Tundra,Ashworld,Bilefen,Time,,,,,,,,,
,Bigmouth,Common,X,,X,,,,,,,,,,
,Bream,Common,X,,,,,,,,,,,,
,Candiru,Common,,X,,,,,,,,,,,
,Crappie,Common,X,X,,,,,,,,,,,
,Dace,Common,X,X,X,,,,,,,,,,
,Haddock,Common,X,,,,,,,,,,,,
,Pike,Common,,X,,,,,,,,,,,
,Prawn,Common,,,X,,,,,,,,,,
,Scommack,Common,,X,,,,,,,,,,,
,Tench,Common,X,,,,,,,,,,,,
,Barracuda,Uncommon,X,,X,,,,,,,,,,
,Bluefish,Uncommon,,X,,AM,,,,,,,,,
,Brown Snapper,Uncommon,,X,X,,,,,,,,,,
,Grouper,Uncommon,X,,X,,,,,,,,,,
,Lean Sharl,Uncommon,X,,X,,,,,,,,,,
,Puffer,Uncommon,,X,X,,,,,,,,,,
,Rute Onder,Uncommon,,X,X,PM,,,,,,,,,
,Walleye,Uncommon,X,,,AM,,,,,,,,,
,Beggar's Ick,Rare,,X,,PM,,,,,,,,,
,Carp,Rare,X,,,,,,,,,,,,
,Cod,Rare,,,X,,,,,,,,,,
,Mudgulp,Rare,X,,,PM,,,,,,,,,
,Salmon,Rare,,X,X,,,,,,,,,,
,Silversnip,Rare,,,X,AM,,,,,,,,,
,Trout,Rare,X,X,,AM,,,,,,,,,
,Whitefish,Rare,X,X,X,,,,,,,,,,
,Crogill,Legendary,,X,X,AM,,,,,,,,,
,Eel,Legendary,X,,,,,,,,,,,,
,Kelpthie,Legendary,,,X,PM,,,,,,,,,
,Sheatfish,Legendary,,,X,,,,,,,,,,
,Sturgeon,Legendary,,X,,,,,,,,,,,
,Tarpon,Legendary,,X,,AM,,,,,,,,,
,Borebrunt,Mythical,,,X,PM,,,,,,,,,
,Coral Sage,Mythical,X,,,AM,,,,,,,,,
,Gatefysk,Mythical,,,X,,,,,,,,,,
,Moonspine,Mythical,,X,,PM,,,,,,,,,
,Nocbrodd,Mythical,X,X,,,,,,,,,,,
,Ribwright,Mythical,,,X,AM,,,,,,,,,
,Swordfish,Mythical,,X,,,,,,,,,,,
,Tuna,Mythical,,,X,,,,,,,,,,
,,,,,,,,,,,,,,,
,,,,,,,,,,,,,,,
,,,,,,,,,,,,,,,
,,,,,,,,,,,,,,,
,Bounties,,,,,,,,,,,,,,
,,,,,,,,,,,,,,,
,Core Gameplay:,,,,,,,,,,,,,,
,"Bounties are a fundamental daily activity in Diablo Immortal that involve completing short, localized tasks across various zones of Sanctuary. Players accept these tasks from the Bounty Board in Westmarch ",,,,,,,,,,,,,,
,"and then travel to the designated areas to fulfill the objectives, which typically involve defeating specific monsters, collecting items, or interacting with certain objects. ",,,,,,,,,,,,,,
,"Upon completion, players return to the Bounty Board to claim their rewards.",,,,,,,,,,,,,,
,Key Features and Mechanics:,,,,,,,,,,,,,,
,"Daily Availability: A set number of 8 Bounties become available each day, resetting at a specific server time.",,,,,,,,,,,,,,
,"Save Bounties: You dont have to complete all 8 bounties each day. You can save up to 32 bounties. So if you (like me) want to only do Hellslayer Bounties, just dont do bounties on Saturday and Sunday ",,,,,,,,,,,,,,
,and on Monday you will have saved up 24 bounties and you can do them all in 6 Hellslayer Runs.,,,,,,,,,,,,,,
,Varied Objectives: Bounty objectives are diverse and can include:,,,,,,,,,,,,,,
,Monster Slaying: Defeating a specific number of a particular type of monster in a designated zone.,,,,,,,,,,,,,,
,Elite Hunting: Defeating a named elite monster or a group of elites with specific affixes.,,,,,,,,,,,,,,
,Item Collection: Gathering a certain number of items dropped by specific enemies or found in the environment.,,,,,,,,,,,,,,
,"Zone Specific: Each Bounty will direct the player to a particular zone within Sanctuary, encouraging exploration of different areas.",,,,,,,,,,,,,,
,"Easy to Pick Up and Complete: Bounties are generally designed to be relatively quick and straightforward to complete, making them a good daily activity for players with limited playtime.",,,,,,,,,,,,,,
,Rewards:,,,,,,,,,,,,,,
,"Chance for Gear: While not the primary reward, there is always a chance for monsters defeated during Bounties to drop Legendary items, based on the player's Magic Find and the game's drop rates.",,,,,,,,,,,,,,
,"Bonus Chest Rewards: The daily bonus chest for completing all Bounties often contains additional Gold, Experience, and sometimes other useful items or crafting materials.",,,,,,,,,,,,,,
,,,,,,,,,,,,,,,
,,,,,,,,,,,,,,,
,,,,,,,,,,,,,,,
,,,,,,,,,,,,,,,
,Dungeons,,,,,,,,,,,,,,
,Dungeons are the best (only) place to farm Set Items. Every week there are 2 featured Dungeons that have an increased drop rate for green Sets.,,,,,,,,,,,,,,
,"However the best way to farm are Challenge Dungeons, which are harder to complete but offer an increased drop rate for greens",,,,,,,,,,,,,,
,,,,,,,,,,,,,,,
,There are 10 Dungeons in 9 Zones in Diablo Immortal:,,,,,,,,,,,,,,
,,,,,,,,,,,,,,,
,Dungeon,,Zone,,time,BP / min,BP,#Bosses,Distances,,,,,,
,Cavern of Echoes,,Frozen Tundra,,02:05,"7,20",15,2,medium,,,,,,
,Mad King's Breach,,Ashworld Cementary,,02:07,"7,09",15,3,medium,,,,,,
,Forgotten Tower,,Darkwood,,02:10,"6,92",15,2,short,,,,,,
,Tomb of Fahir,,Shassar Sea,,02:33,"7,84",20,4,medium,,,,,,
,Pit of Anguish,,Realm of Damnation,,02:36,"7,69",20,3,long,,,,,,
,Silent Monastery,,Mount Zavain,,02:52,"8,72",25,3,long,,,,,,
,Destruction's End,,Zoltan Kulle's Library,,02:54,"5,17",15,3,long,,,,,,
,Temple of Namari,,Bilefen,,02:58,"6,74",20,4,short,,,,,,
,Tristram Cathedral,,Wortham,,03:02,"6,59",20,3,short,,,,,,
,Dread Reaver,,Stormpoint,,03:05,"6,49",20,5,short,,,,,,
,Kikuras Rapids,,Bilefen,,03:23,"4,43",15,1,medium,,,,,,
,,,,,,,,,,,,,,,
,Cavern of Echoes & Mad King's Breach are the fastest Dungeons. ,,,,,,,,,,,,,,
,"Temple of Namari, Tomb of Fahir & Dread Reaver have the most Bosses, which means they have the most chances to drop extra Set Items",,,,,,,,,,,,,,
,"Some Dungeons are bigger than others - when there is a lot of running between the bosses, you need to have a build with high movement speed to complete it quickly",,,,,,,,,,,,,,
,,,,,,,,,,,,,,,
,Rewards,,,,,,,,,,,,,,
,Each Dungeon rewards you with a bonus chest at the end if you defeat the endboss.,,,,,,,,,,,,,,
,The chest has a chance to drop a random set item from 1 of 7 possible items specicfic to each dungeon,,,,,,,,,,,,,,
,"There are 2 ""boosted"" dungeons that swap each week. These dungeons have a higher drop rate for set items",,,,,,,,,,,,,,
,Each Boss and Ancient Elite inside the dungeon has a chance to drop a Set Item,,,,,,,,,,,,,,
,"Each day you will receive a bonus set item from the codex if you complete 3 dungeons (you can stack these 3 times, so you dont have to do them each day)  ",,,,,,,,,,,,,,
,There is a pity timer - after 7 runs without a set drop you will receive a guaranteed drop,,,,,,,,,,,,,,
,,,,,,,,,,,,,,,
,Running a dungeon in a party of 4 has many benefits:,,,,,,,,,,,,,,
,1. you will complete the dungeon faster,,,,,,,,,,,,,,
,2. you get an extra reward chest at the end which can also drop a set item (5% chance),,,,,,,,,,,,,,
,3. you can get unbound normal gems as drops from killing enemies (max. 12 per day),,,,,,,,,,,,,,
,,,,,,,,,,,,,,,
,Set Items,,,,,,,,,,,,,,
,,,,,,,,,,,,,,,
,Dungeon,,Helm,Belt,Hand,Foot,Rings,,,,,,,,
,Temple of Namari,,Gloom,"Baron's
Prayer
Skystriker",Vithus,Shepherd,"Grace
Seeds",,,,,,,,
,Kikuras Rapids,,"Vithus
Banquet",Shepherd,Baron's,Windloft,Gloom,,,,,,,,
,Pit of Anguish,,"Mounteb.
Skystriker","Gloom
Seeds","Grace
Prayer",Vithus,Shal'bas,,,,,,,,
,Mad King's Breach,,Issatar,"Mounteb.
Angmeth",Shal'bas,"Grace
Banquet",Windloft,,,,,,,,
,Forgotten Tower,,Windloft,"Shal'bas
Banquet",Issatar,"Mounteb.
Angmeth",Shepherd,,,,,,,,
,Silent Monastery,,"Shal'bas
Seeds
Prayer",Grace,Mounteb.,Gloom,"Issatar
Skystriker",,,,,,,,
,Destruction's End,,Baron's,Windloft,"Shepherd
Seeds","Issatar
Prayer
Skystriker",Vithus,,,,,,,,
,Tomb of Fahir,,Shepherd,Issatar,"Windloft
Banquet",Shal'bas,Baron's,,,,,,,,
,Cavern of Echoes,,Grace,Vithus,"Gloom
Skystriker","Baron's
Seeds","Mounteb.
Prayer",,,,,,,,
,Dread Reaver,,Shepherd,Shal'bas,Baron's,Grace,"Banquet
Angmeth",,,,,,,,
,Tristram Cathedral,,Vithus,Issatar,Windloft,"Mounteb.
Seeds","Gloom
Banquet
Angmeth",,,,,,,,
,,,,,,,,,,,,,,,
,Drop Rates,,,,,,,,,,,,,,
,Drop rates of set items in normal dungeons are terrible if you are at SPL or above SPL (Server Paragon Level). ,,,,,,,,,,,,,,
,,,,,,,,,,,,,,,
,Set Item Drop Rates,,,,,,,,,,,,,,
,,,Drop Rate,"Runs needed
for 100%*",,,,,,,,,,,
,Set Item drop rate (normal),,15%,7,,,,,,,,,,,
,Set Item drop rate (boosted),,20%,5,,,,,,,,,,,
,Pity timer (guaranteed item),,100%,7,,,,,,,,,,,
,,,,,,,,,,,,,,,
,However if you are below SPL your set item drop rate (and your normal legendary item drop rate) get significantly boosted (up to 150%),,,,,,,,,,,,,,
,"but while your drop rate is boosted when you are  below SPL, the quality of your set items is best when you are at or above SPL",,,,,,,,,,,,,,
,,,,,,,,,,,,,,,
,"Paragon Level
vs SPL","Set Item
Drop Boost","Double Stat
Shit Roll","Double Stat
Exceptional",Triple Stat,"Triple Stat
God Roll",,,,,,,,,
,+ X above SPL,0%,82%,15%,2%,1%,,,,,,,,,
,0,0%,82%,15%,2%,1%,,,,,,,,,
,-1,5%,"82,9%","14,3%","1,9%","0,9%",,,,,,,,,
,-2,5%,"82,9%","14,3%","1,9%","0,9%",,,,,,,,,
,-3,10%,"83,6%","13,6%","1,8%","0,9%",,,,,,,,,
,-4,10%,"83,6%","13,6%","1,8%","0,9%",,,,,,,,,
,-5,15%,"84,3%","13,0%","1,7%","0,9%",,,,,,,,,
,-10,25%,"85,6%","12,0%","1,6%","0,8%",,,,,,,,,
,-20,50%,"88,0%","10,0%","1,3%","0,7%",,,,,,,,,
,-30,80%,"90,0%","8,3%","1,1%","0,6%",,,,,,,,,
,-41,150%,"92,8%","6,0%","0,8%","0,4%",,,,,,,,,
,,,,,,,,,,,,,,,
,,,,,,,,,,,,,,,
,,,,,,,,,,,,,,,
,,,,,,,,,,,,,,,
,Challenge Dungeons,,,,,,,,,,,,,,
,Challenge Dungeons are harder to complete but offer far more rewards than normal dungeons. Each week you will get a guaranteed Green Set for completing your first Challenge Dungeon.,,,,,,,,,,,,,,
,Monsters have 300% more life and deal 200% more damage,,,,,,,,,,,,,,
,"Boss Monsters have a chance to be ""Ancient Bosses"" that drop an additional Plunder Chest which contains a Green Set Item",,,,,,,,,,,,,,
,The drop rate of green Sets seems to be around 70% which is far better than in normal dungeons. The Pity timer of 7 runs also applies here.,,,,,,,,,,,,,,
,Challenge Dungeons have up to 2 modifiers which can be negative or positive,,,,,,,,,,,,,,
,,,,,,,,,,,,,,,
,Negative,,,,,,,,,,,,,,
,Big Problem: Enemies are larger throughout the dungeon. The player's size is decreased. Bosses will continuously grow over time until they enrage.,,,,,,,,,,,,,,
,Laser: Enemies fire beams of energy at targets.,,,,,,,,,,,,,,
,Bad Blood: Enemies may leave behind a pool of blood after death that will slow and damage players.,,,,,,,,,,,,,,
,"Bolstered: Some non-Boss monsters have an aura that increased movement and attack speed of nearby monsters, and gives them a shield.",,,,,,,,,,,,,,
,"Rain of Fire: Fireballs occasionally fall from the sky, leaving burning areas that will damage the player.",,,,,,,,,,,,,,
,Sacrificial Power: Skills have greatly reduced cooldowns but cost Health.,,,,,,,,,,,,,,
,Lava Eruption: Lava periodically erupts beneath the player.,,,,,,,,,,,,,,
,Conjurer: Some monsters and Bosses summon doppelgangers.,,,,,,,,,,,,,,
,Electric: Players will periodically be marked with Positive or Negative. Standing close to players with the same status will reduce cooldowns; standing close to players with the opposite status will damage both players.,,,,,,,,,,,,,,
,"Explosive Reaction: Enemies will periodically be marked. After a short delay, marked enemies will explode. All enemies hit by the explosion will become explode.",,,,,,,,,,,,,,
,Chains: Up to two players will periodically be chained together. The chained players take continuous damage until they run away from each other to break the chain.,,,,,,,,,,,,,,
,Neutral,,,,,,,,,,,,,,
,Swarming: The dungeon has more normal monsters throughout.,,,,,,,,,,,,,,
,S-Class: The dungeon has more elite monsters throughout.,,,,,,,,,,,,,,
,"Gauntlet: The dungeon has no normal monsters, and Bosses are stronger.",,,,,,,,,,,,,,
,Heightened Senses: Monsters sense players more easily and have greatly increased movement speed.,,,,,,,,,,,,,,
,Positive,,,,,,,,,,,,,,
,Speed Run: Completing the dungeon within the time limit will grant bonus rewards.,,,,,,,,,,,,,,
,Bountiful: Combat Globes drop more frequently.,,,,,,,,,,,,,,
,Greed's Spoils: Skip directly to the final Dungeon Boss. The Boss’s difficulty is increased.,,,,,,,,,,,,,,
,"Disruptive Portal: A portal will appear at a random point within the dungeon, releasing an extremely powerful enemy. Defeat the enemy to earn an extra reward.",,,,,,,,,,,,,,
,"Erratic Assault: Similar to Greed’s Spoils, skip directly to the final dungeon boss and continue through up to 3 additional Erratic Assault Portals to face additional bosses.",,,,,,,,,,,,,,
,,,,,,,,,,,,,,,
,,,,,,,,,,,,,,,
,Abyssal Verge,,,,,,,,,,,,,,
,"Abyssal Verge was introduced as part of the ""Age of Unmaking"" update. It is accessible from the basement of Cain's Workshop in Westmarch. ",,,,,,,,,,,,,,
,Gameplay and Objectives:,,,,,,,,,,,,,,
,Survive the Terror Incarnate: The primary objective in Abyssal Verge is to survive a growing dark shadow called the Terror Incarnate that encroaches upon the playable area. This shadow expands continuously throughout the run. ,,,,,,,,,,,,,,
,"Getting caught in it results in taking constant damage, leading to a swift defeat.",,,,,,,,,,,,,,
,Slay Demons: Slay Demons to earn points and get rewards,,,,,,,,,,,,,,
,,,,,,,,,,,,,,,
,Monster Type,Points,,,,,,,,,,,,,
,Normal Mob,1,,,,,,,,,,,,,
,Blue Elite,10,,,,,,,,,,,,,
,Yellow Elite,50,,,,,,,,,,,,,
,Orange Elite,100,,,,,,,,,,,,,
,Final Boss,300,,,,,,,,,,,,,
,,,,,,,,,,,,,,,
,"Defeat the Final Boss: At the end of a successful run, a final boss will appear. Defeating this boss is crucial for maximizing rewards and potentially obtaining legendary items.",,,,,,,,,,,,,,
,"Limited Time: While there isn't a visible timer, the expanding Terror Incarnate acts as a dynamic time limit, pushing players to be efficient in their demon slaying.",,,,,,,,,,,,,,
,Solo or Party: Abyssal Verge can be played solo or with a party. Some players find it easier to reach higher danger levels and earn more rewards with a well-coordinated party due to increased damage output.,,,,,,,,,,,,,,
,,,,,,,,,,,,,,,
,Points,Normal Gems,,,,,,,,,,,,,
,0 - 999,2,,,,,,,,,,,,,
,1000 - 1499,4,,,,,,,,,,,,,
,1500 - 1999,6,,,,,,,,,,,,,
,2000+,8,,,,,,,,,,,,,
,,,,,,,,,,,,,,,
,There are different maps used for the Abyssal Verge run. The map switches every 30min,,,,,,,,,,,,,,
,Some runs have more Elites spawning than others - there's a message at the beginning,,,,,,,,,,,,,,
,"Rewards: 1-2 Abyssal Essences. Once you have 10 you can trade them in for 1 Rune + 1 Legendary Item. Mobs can drop Monstrous Essences, Leg.Items, Scrap, Gold",,,,,,,,,,,,,,
,Why should you do it: Fast way to get your 126 normal gems each week + get gear with Legendary Affixes + fast way to gain EXP,,,,,,,,,,,,,,
,,,,,,,,,,,,,,,
,,,,,,,,,,,,,,,
,,,,,,,,,,,,,,,
,,,,,,,,,,,,,,,
,Ibn Fahds Sanctum,,,,,,,,,,,,,,
,"Ibn Fahds Sanctum, hidden under the statue behind the Challenge Rift in Westmarch is the place to upgarde your Horadim. ",,,,,,,,,,,,,,
,"You can visit it once per day to earn some keys, kill some monsters and get a free chest with culling stones",,,,,,,,,,,,,,
,The best strategy is to just open the first (free) chest in the first room each day and wait until you have 377 keys to open all chests at once - ,,,,,,,,,,,,,,
,this way you receive a hidden bonus chest in the last room,,,,,,,,,,,,,,
,"The best way to do it is to let your Familiar do it (Familiar Expedition), as this way you wont miss any of the 4 Keys that drop from mobs along the way to the entrance",,,,,,,,,,,,,,
,"The chests in room  2, 3 and 4 have a 5% chance to drop twice as much stones, so if you like to gamble you can also choose to open all chests in room 1 ",,,,,,,,,,,,,,
,and at least 1 chest in room 2 - maybe you get lucky,,,,,,,,,,,,,,
,,,,,,,,,,,,,,,
,Opening Chests in Ibn Fahds Sanctum,,,,,,,,,,,,,,
,Room,Chest,Keys,Platinum,"Stones 
(min)","Stones 
per Key",,,,,,,,,
,1,1,free,free,5,free,,,,,,,,,
,1,2,1,50,5,5,,,,,,,,,
,1,3,2,100,10,5,,,,,,,,,
,1,4,4,200,20,5,,,,,,,,,
,1,5,8,400,40,5,,,,,,,,,
,2,6,10,500,45,"4,5",,,,,,,,,
,2,7,12,600,54,"4,5",,,,,,,,,
,2,8,14,700,63,"4,5",,,,,,,,,
,2,9,16,800,72,"4,5",,,,,,,,,
,2,10,18,900,81,"4,5",,,,,,,,,
,3,11,20,1000,90,"4,5",,,,,,,,,
,3,12,22,1100,99,"4,5",,,,,,,,,
,3,13,24,1200,108,"4,5",,,,,,,,,
,3,14,26,1300,117,"4,5",,,,,,,,,
,3,15,28,1400,126,"4,5",,,,,,,,,
,4,16,30,1500,135,"4,5",,,,,,,,,
,4,17,32,1600,144,"4,5",,,,,,,,,
,4,18,34,1700,153,"4,5",,,,,,,,,
,4,19,36,1800,162,"4,5",,,,,,,,,
,4,20,40,1900,162,"4,1",,,,,,,,,
,4,Bonus Chest,free,free,150,,,,,,,,,,
,Total,,377,18750,1841,"4,9",,,,,,,,,
,,,,,,,,,,,,,,,
,"So for 18750 Platinum you will get 1841 Stones, which is around 614 Stones of each color. So 10,19 Platinum per colored Stone",,,,,,,,,,,,,,
,,,,,,,,,,,,,,,
,,,,,,,,,,,,,,,
,,,,,,,,,,,,,,,
,,,,,,,,,,,,,,,
,Castle Erebban,,,,,,,,,,,,,,
,"Castle Erebban is a game mode in Diablo Immortal that was introduced alongside Abyssal Verge in the ""Age of Unmaking"" update.",,,,,,,,,,,,,,
, It offers a different kind of challenge compared to surviving the encroaching darkness of the Verge. ,,,,,,,,,,,,,,
,Gameplay and Objectives:,,,,,,,,,,,,,,
,Escape the Castle: The primary goal in Castle Erebban is to escape the perilous castle. You start at one end and must navigate through its randomly generated corridors and rooms to reach the exit.,,,,,,,,,,,,,,
,"Increase Danger Level: As you explore the castle, you'll encounter and defeat demons. Defeating these enemies increases your ""Danger Level,"" represented by a meter. ",,,,,,,,,,,,,,
,Reaching certain Danger Levels unlocks more rewarding chests within the castle. There are a total of 8 Danger Levels.,,,,,,,,,,,,,,
,"Loot Chests: Scattered throughout Castle Erebban are chests that become available as you increase your Danger Level. These chests contain various rewards. Reaching Danger Level 6 spawns the final, most valuable chest.",,,,,,,,,,,,,,
,"The Boss - Araban: Once you reach Danger Level 8 or linger for too long, a powerful boss named Araban will begin to hunt you and the primary objective shifts to escaping the castle while being pursued.",,,,,,,,,,,,,,
,"Limited Time (Soft): While there isn't a strict timer, the appearance of Araban acts as a soft time limit, encouraging players to loot efficiently and make their way towards the exit before becoming overwhelmed.",,,,,,,,,,,,,,
,Solo or Party: Castle Erebban can be played solo or with a party. ,,,,,,,,,,,,,,
,,,,,,,,,,,,,,,
,Danger Level,"Normal
Gems",,,,,,,,,,,,,
,0 - 4,4,,,,,,,,,,,,,
,5 - 7,6,,,,,,,,,,,,,
,8+,8,,,,,,,,,,,,,
,,,,,,,,,,,,,,,
,"Rewards: 1-2 Abyssal Essences. Once you have 10 you can trade them in for 1 Rune + 1 Legendary Item. Mobs can drop Monstrous Essences, Leg.Items, Scrap, Gold",,,,,,,,,,,,,,
,Why should you do it: Fast way to get your 126 normal gems each week + get gear with Legendary Affixes + fastest way to gain EXP,,,,,,,,,,,,,,
,,,,,,,,,,,,,,,
,,,,,,,,,,,,,,,
,,,,,,,,,,,,,,,
,,,,,,,,,,,,,,,
,Accursed Towers,,,,,,,,,,,,,,
,"While fighting demonic hordes for control of the tower, a clan’s objective is to collect Cursed Shards from slain demons. ",,,,,,,,,,,,,,
,"To deal damage to their foes, players need to locate and activate the tower’s Curse Sources. Doing so will make enemies vulnerable, allowing players to dispatch them and collect their Cursed Shards.",,,,,,,,,,,,,,
,"Once the timer runs out, the top 10 clan members with the highest Cursed Shard amounts will have them added to their team’s total.",,,,,,,,,,,,,,
,"A clan can choose to do as many runs to collect Cursed Shards at the same tower as they desire, but only the highest team total will be retained.",,,,,,,,,,,,,,
,"If a clan has collected the most Cursed Shards among all clans vying for that specific tower by Saturday at 7 p.m. server time, then their clan will claim the tower.",,,,,,,,,,,,,,
,"Even after taking the tower, Hell will attempt to retake it. Once the Corruption meter reaches a certain amount, demonic incursions will follow.",,,,,,,,,,,,,,
,Members of the clan must come to defend their tower promptly or else it will be lost and can be reclaimed by another clan.,,,,,,,,,,,,,,
,"The demons can be warded off by powering up the tower. Within the Accursed Tower's menu, the clan leader can choose to power up their tower.",,,,,,,,,,,,,,
,Doing so will not only end the attacks on it from demons but increase the bonuses provided by the tower and periodic rewards provided by the rewards chest inside of it.,,,,,,,,,,,,,,
,"However, if the tower is powered up, other clans will be able to challenge the owning clan for control of the tower through PvP",,,,,,,,,,,,,,
,,,,,,,,,,,,,,,
,Gameplay,,,,,,,,,,,,,,
,You can run the Accursed Towers Solo or in a group of 4.,,,,,,,,,,,,,,
,"Once you have collected 400 Cursed Shards, you can return to the Brazier, because collecting more will not give you more Contribution Points.",,,,,,,,,,,,,,
,To unlock the Contribution Chest for each tower your Clan owns you need 3 x 500 Contribution Points,,,,,,,,,,,,,,
,Monsters are immune if you dont find and activate small towers placed around the map. The timer lasts for X seconds. After X seconds a warning ,,,,,,,,,,,,,,
,"appears ""the light fades"" - it is benefitial to wait before activating a tower because the warning earns you Cursed Shards.",,,,,,,,,,,,,,
,,,,,,,,,,,,,,,
,Movement Speed and AoE Damage Skills are crucial to clearing as many mobs as fast as you can,,,,,,,,,,,,,,
,"The best Paragon Trees here are Massacre, Vanquisher and Weaver",,,,,,,,,,,,,,
,,,,,,,,,,,,,,,
,Event / Monster,Cursed Shards,Time Bonus,,,,,,,,,,,,
,Activating Tower,25,,,,,,,,,,,,,
,The Light fades,20,,,,,,,,,,,,,
,The Light fades,40,,,,,,,,,,,,,
,Time's up,55,,,,,,,,,,,,,
,Orange Elite,tbd,?,,,,,,,,,,,,
,Yellow Elite,5,?,,,,,,,,,,,,
,Blue Elite,3,1-12,,,,,,,,,,,,
,Mob,1,,,,,,,,,,,,,
,Mini Boss,75,60,,,,,,,,,,,,
,,,,,,,,,,,,,,,
,Purification Brazier,,,,,,,,,,,,,,
,"Once you've collected over 400 Shards you cannot get more Contribution Points, so unless you are going for the Occupation of the Tower you should return",,,,,,,,,,,,,,
,"to the Purification Brazier and collect your Contribution Points. Points are awarded in the intervals below, so wether you collected 50 Shards or 199 does not make",,,,,,,,,,,,,,
,"a difference, you will still get 100 Contribution Points.",,,,,,,,,,,,,,
,"Killstreaks will also earn you Cursed Shards, so a strategy that you can do is: you try to get to >50 Shards + you try to get a killstreak of >55 monsters.",,,,,,,,,,,,,,
,Then you return to the Brazier manually and as soon as you get there run towards the Brazier and return you shards. The extra shards for the ,,,,,,,,,,,,,,
,killstreak will be dropped behin you and you can collect them after you've collected your first 100 contribution points and return them immediately for another,,,,,,,,,,,,,,
,100 contribution points.,,,,,,,,,,,,,,
,,,,,,,,,,,,,,,
,Cursed Shards,"Contribution
Points",Battle Points,"#Runs for 
1500",Min / Run,Min 2 Cap,,,,,,,,,
,0-49,0,0,,,,,,,,,,,,
,50- 199,100,2,15,<1,15,,,,,,,,,
,200-399,200,4,8,2,16,,,,,,,,,
,>=400,300,8,5,3-4,20,,,,,,,,,
,50+x2 Split,200,4,8,<1,8,,,,,,,,,
,,,,,,,,,,,,,,,
,Weekly Reward Chests,,,,,,,,,,,,,,
,"You can earn up to 6 Reward Chests each week if your Clan occupies 2 Towers. Make sure to pay attention when your Clan occupies a new tower on saturday,",,,,,,,,,,,,,,
,because you can collect your rewards on sunday for that tower and on monday it will reset und you can earn the rewards again,,,,,,,,,,,,,,
,"It make sense to wait for the EXP-Circle of the Tower to fill up (36h) and not collect it on sunday, because on monday when the Server Paragon Level increases by 10",,,,,,,,,,,,,,
,you will earn more EXP if you collect it then,,,,,,,,,,,,,,
,,,,,,,,,,,,,,,
,Chest Rank,Points needed,"Beguiling
Dust","Cryptic
Crystals","Purification
Shards","Legendary
Crest","Rare
Crest","Legendary
Equipment","Demonic
Remains",,,,,,
,First Tower,,,,,,,,,,,,,,
,1,500,10,5,1,,,1,,,,,,,
,2,500,10,5,1,1,,,,,,,,,
,3,500,10,5,1,,1,,,,,,,,
,Second Tower,,,,,,,,,,,,,,
,1,500,5,3,1,,1,,,,,,,,
,2,500,5,3,1,,1,,,,,,,,
,3,500,5,3,1,,,,1,,,,,,
,,,,,,,,,,,,,,,
,Tower Rewards,,,,,,,,,,,,,,
,"There are 9 types of towers, with 13 copies of each, making 117 towers total.",,,,,,,,,,,,,,
,"Your Clan can occupy 2 towers at the same time. Each Tower gives you EXP and Gold Rewards that fill up every 36 hours, so you should collect your rewards within this time frame.",,,,,,,,,,,,,,
,"Collecting the Rewards also counts towards completing your Contribution Chests, so if you have saved up 36h of Rewards and collect them on Monday, you should be able to get the first Chest on Wednesday without doing a single run.",,,,,,,,,,,,,,
,The Towers offer differnt Bonus Modifiers to your Clan Members:,,,,,,,,,,,,,,
,,,,,,,,,,,,,,,
,Tower,Bonus,,,,,,,,,,,,,
,Tower of Fortitude,+10% Life in PVP,,,,,,,,,,,,,
,Tower of Blessings,+20% Magic Find in Helliquary Raids,,,,,,,,,,,,,
,Tower of Secrets,+2 Orbs from Elites in Challenge Rifts,,,,,,,,,,,,,
,Tower of Punishment,+10% damage in Dungeons,,,,,,,,,,,,,
,Tower of Greed,+15% Magic Find in Dungeons,,,,,,,,,,,,,
,Tower of Wilderness,+20% Monstrous Essence Rewards,,,,,,,,,,,,,
,Tower of Wisdom,+30% EXP from Bounties+Beastiary,,,,,,,,,,,,,
,Tower of Technique,+50 CR in Challenge Rifts,,,,,,,,,,,,,
,Tower of Conquest,+50 CR in Helliquary Raids,,,,,,,,,,,,,
,,,,,,,,,,,,,,,
,When farming in an Accursed Tower you need to take note of what colored zone you are traversing. ,,,,,,,,,,,,,,
,"Not only are areas of the map the usual plain brown, but there are also times that the zone they are entering changes in color in the mini-map.",,,,,,,,,,,,,,
,Orange zones should be prioritized as they provide twice the buffs in terms of both time boosts and Cursed Shards. ,,,,,,,,,,,,,,
,Players who find themselves in these zones should kill mobs as much as possible since even trash enemies can drop much better drops.,,,,,,,,,,,,,,
,"While players shouldn’t prolong their stay in these areas, they are worth checking out especially if more mobs than usual end up flocking to this location.",,,,,,,,,,,,,,
,"When players find a Curse Source before the timer runs out, they should consider waiting until the last few seconds before triggering it.",,,,,,,,,,,,,,
,"That way, they get a few more precious seconds instead of just “overlapping” their existing time inside the Accursed Tower. ",,,,,,,,,,,,,,
,"Theoretically, “overextending” can help players explore the map further and identify other Curse Sources",,,,,,,,,,,,,,
,"before triggering them, allowing them to know in advance where to go and worry less about not finding Curse Sources in time.",,,,,,,,,,,,,,
,,,,,,,,,,,,,,,
,,,,,,,,,,,,,,,
,,,,,,,,,,,,,,,
,,,,,,,,,,,,,,,
,Elder Rifts,,,,,,,,,,,,,,
,"Elder rifts are a normalized game mode - the monster difficulty scales with yours, so they are always consistent (and easily clearable)",,,,,,,,,,,,,,
,you can play solo or in a group - playing with others can earn you bonus fading embers / runes which you can trade at the fading ember trader,,,,,,,,,,,,,,
,elder rifts are one of the few sources for legendary gems and crafting materials for legendary gems,,,,,,,,,,,,,,
,maximum is 280 fading ember (+120 group bonus) per week - that is 28 runs,,,,,,,,,,,,,,
,,,,,,,,,,,,,,,
,Rare Crests / Legendary Crests,,,,,,,,,,,,,,
,you can use up to 3 (or 10) rare crests for your elder rift run. every rare crest put in will earn you 1 extra fading ember and 4 Telluric Fragment and a 5% chance to drop a 1 star legendary gem,,,,,,,,,,,,,,
,you can put in up to 10 legendary crests for your elder rift run that will earn you 1 legendary gem + 1 Telluric Fragment per crest,,,,,,,,,,,,,,
,only unbound legendary crests (purple) can get you unbound legendary gems that you can sell on the marketplace,,,,,,,,,,,,,,
,gems that drop from bound legendary crests (orange)  are not sellable,,,,,,,,,,,,,,
,"a legendary crest will give you 2,9984 Gem Power (on average). more details on probabilities and drop chances can be found below",,,,,,,,,,,,,,
,,,,,,,,,,,,,,,
,Rare Crest Sources,,amount,Intervall,price,currency,,,,,,,,,
,HILTS Vendor,,14,weekly,200,HILT,,,,,,,,,
,HILTS Vendor (time limited offer),,0-10,weekly,200,HILT,,,,,,,,,
,Login Reward,,1,weekly,free,free,,,,,,,,,
,Elder Rift Entrance,,7,weekly,free,free,,,,,,,,,
,Occasionally limited time events,,10-20,monthly,free,free,,,,,,,,,
,,,,,,,,,,,,,,,
,,,,,,,,,,,,,,,
,Legendary Crest Sources,,amount,Intervall,price,currency,,,,,,,,,
,HILTS Vendor,,1,monthly,1600,HILT,,,,,,,,,
,Emblem Vendor (Warband),,1,weekly,1600,platinum,,,,,,,,,
,Emblem Vendor,,1,weekly,1600,platinum,,,,,,,,,
,Apprentice Jeweler,,1,weekly,,Tell.Fragm.,,,,,,,,,
,Shadow War / Kion,,1,weekly,free,free,,,,,,,,,
,Occasionally limited time events,,4,monthly,free,free,,,,,,,,,
,,,,,,,,,,,,,,,
,Elder Rift Rewards,,,,,,,,,,,,,,
,if you dont put any rift enhancing crests in at the beginning you only get 8 fading ember per run.,,,,,,,,,,,,,,
,you get 1 extra fading ember per crest used (also from other players in your group) - maximum is 120 bonus fading ember per week,,,,,,,,,,,,,,
,the pity timer for legendary crests is 50 (after 50 crests you get a guaranteed 5 star gem. bound and unbound have separate pity timers,,,,,,,,,,,,,,
,if Daedessas Blessing is active (as an immortal or shadow) you can get 3 aspirants keys for completing 3rifts,,,,,,,,,,,,,,
,,,,,,,,,,,,,,,
,Legendary Gems Drop Rate,,,,,,,,,,,,,,
,,,,,,,,,,,,,,,
,Gem,Crest Drop Rate,,,,,,,,,,,,,
,,Rare,Legendary,,,,,,,,,,,,
,1-Star,"5,00%","75,40%",,,,,,,,,,,,
,2-Star,/,"20,10%",,,,,,,,,,,,
,2/5-Star,/,"3,375%",,,,,,,,,,,,
,3/5-Star,/,"0,90%",,,,,,,,,,,,
,4/5-Star,/,"0,18%",,,,,,,,,,,,
,5/5-Star,/,"0,045%",,,,,,,,,,,,
,,,,,,,,,,,,,,,
,,,,,,,,,,,,,,,
,Rift Modifiers,,,,,,,,,,,,,,
,for every rare crest that players put in 1 rift modifier is randomly applied,,,,,,,,,,,,,,
,for every legendary crest that players put in 2 rift modifiers are randomly applied (can be positive or negative),,,,,,,,,,,,,,
,,,,,,,,,,,,,,,
,,,,,,,,,,,,,,,
,,,,,,,,,,,,,,,
,,,,,,,,,,,,,,,
,Challenge Rifts,,,,,,,,,,,,,,
,,,,,,,,,,,,,,,
,Gameplay and Objectives:,,,,,,,,,,,,,,
,"Solo Progression: Challenge Rifts are designed as a solo experience, testing your individual character build, skill, and gear against increasingly difficult waves of enemies and challenging boss encounters.",,,,,,,,,,,,,,
,"Sequential Levels: Challenge Rifts consist of a series of numbered levels, starting from Level 1 and progressively increasing in difficulty.",,,,,,,,,,,,,,
,Time Limit: Each level of a Challenge Rift has a specific time limit that you must beat to advance to the next level and earn the associated rewards.,,,,,,,,,,,,,,
,Personal Best: The game tracks your personal best Challenge Rift level cleared.,,,,,,,,,,,,,,
,"First-Time Clear Rewards: For the first time you successfully clear a new Challenge Rift level, you receive a set of valuable rewards, mainly HILTS",,,,,,,,,,,,,,
,Leaderboards: Challenge Rifts feature leaderboards that rank players based on their highest cleared level. This adds a competitive element for those who strive to be among the top performers.,,,,,,,,,,,,,,
,,,,,,,,,,,,,,,
,Challenge Rift Strategy,,,,,,,,,,,,,,
,put on your highest CR equipment as this stat matters the most here,,,,,,,,,,,,,,
,if the monster cr is higher than yours you get a red warning sign at the beginning of the rift,,,,,,,,,,,,,,
,it is possible to clear rifts with ~500 cr under the monster difficulty but it takes much longer and might not be worth the time,,,,,,,,,,,,,,
,try to use the pylons  to your advantage (e.g. when you can save it for the rift guardian or when there are multiple elites following you),,,,,,,,,,,,,,
,sometimes it is better to not engage with a yellow elite as they only drop 4 portal globes and are much harder to kill than blue elites (which drop 3),,,,,,,,,,,,,,
,"you can use 2 different loadouts (1 with AoE skills for the mobs, 1 with high single-target DPS for the Boss) - switch before the Endboss",,,,,,,,,,,,,,
,another trick is to let some mobs near the entry live and when you are close to facing the boss die on purpose to,,,,,,,,,,,,,,
,"let yourself re-summon at the entrance, then kill of the mobs to face the boss near the entrance so you can use your re-spawn at the entry if you die to the boss",,,,,,,,,,,,,,
,,,,,,,,,,,,,,,
,Success Factors,,,,,,,,,,,,,,
,monster type - ranged monsters are a lot harder to kill than packs of melee fighters,,,,,,,,,,,,,,
,dungeon type - narrow dungeons are harder because you can get trapped easily,,,,,,,,,,,,,,
,rift guardian - some guardians are a lot tougher ro beat because they spawn a lot of extra attackers,,,,,,,,,,,,,,
,"build - choose your skills wisely. movement skills are important to escape, AOE Skills are good to hit tight packs,  skills that slow enemies or apply DOT (damage over time)",,,,,,,,,,,,,,
,,,,,,,,,,,,,,,
,Rewards,,,,,,,,,,,,,,
,completing challenge rifts serves 2 purposes:,,,,,,,,,,,,,,
,getting crystals to upgrade your secondary gear,,,,,,,,,,,,,,
,getting 100-800 hilts as a reward for placing in the leaderboard at the end of the week,,,,,,,,,,,,,,
,,,,,,,,,,,,,,,
,,,,,,,,,,,,,,,
,,,,,,,,,,,,,,,
,,,,,,,,,,,,,,,
,Terror Rifts,,,,,,,,,,,,,,
,,,,,,,,,,,,,,,
,Core Gameplay:,,,,,,,,,,,,,,
,"Players enter a temporary, localized area within a designated zone of Sanctuary through a Terror Portal. Inside, the primary gameplay loop involves defeating challenging monsters to collect Stygian Fragments.",,,,,,,,,,,,,,
,These fragments are then used to activate Stygian Spires scattered throughout the area. Activating a spire immediately summons a powerful boss that players must defeat to earn a reward chest.,,,,,,,,,,,,,,
,The goal is to efficiently farm fragments and activate up to four spires and defeat their corresponding bosses within the limited duration of the Terror Rift instance.,,,,,,,,,,,,,,
,Key Features and Mechanics:,,,,,,,,,,,,,,
,"Always Available, Single Zone: Terror Rifts are no longer time-gated and appear in one random zone across Sanctuary at any given time. The active zone is indicated on the world map.",,,,,,,,,,,,,,
,Terror Portals: These portals spawn periodically within the active zone and serve as the entry point to a Terror Rift instance.,,,,,,,,,,,,,,
,Stygian Fragments: These are the primary currency earned by defeating monsters within a Terror Rift instance. They are required to activate Stygian Spires.,,,,,,,,,,,,,,
,Stygian Spires: Interactable objects within the Terror Rift instance. Activating them consumes Stygian Fragments (increasing cost per activation) and immediately summons a boss.,,,,,,,,,,,,,,
,Boss Encounters: Each activated spire summons a boss that players must defeat.,,,,,,,,,,,,,,
,Limited Instance Duration: Each Terror Rift instance lasts for a limited time (approximately 13 minutes). Players must complete their activities within this timeframe.,,,,,,,,,,,,,,
,"Solo or Party Play: Players can participate in Terror Rifts solo or in parties. Fragment collection and spire activation are generally individual efforts, though parties of 4 can have the benefit of collecting normal gems along the way",,,,,,,,,,,,,,
,Rewards:,,,,,,,,,,,,,,
,Reward Chests: Defeating a boss summoned by a Stygian Spire grants a reward chest. Players can earn up to four chests per Terror Rift instance.,,,,,,,,,,,,,,
,"Eternal Equipment: These chests have a chance to contain Eternal Equipment, a powerful gear type with three primary attributes and four magic affixes. This is the primary incentive for participating in Terror Rifts.",,,,,,,,,,,,,,
,"Terror Essence: Defeating bosses and completing Terror Rifts also rewards Terror Essence, a currency used to interact with Oblivion Pillars/Helliquary Bounties for additional rewards, including more Eternal Equipment.",,,,,,,,,,,,,,
,Weekly Reward Limit: Players can earn a maximum of 10 Terror Rift reward chests per week.,,,,,,,,,,,,,,
,,,,,,,,,,,,,,,
,,,,,,,,,,,,,,,
,,,,,,,,,,,,,,,
,,,,,,,,,,,,,,,
,Oblivion Pillars,,,,,,,,,,,,,,
,,,,,,,,,,,,,,,
,Core Gameplay:,,,,,,,,,,,,,,
,Oblivion Pillars are an endgame activity in Diablo Immortal that become accessible after participating in Terror Rifts and accumulating Terror Essence. ,,,,,,,,,,,,,,
,Players interact with these pillars to initiate challenging combat encounters against waves of powerful enemies and a final boss within a confined area. ,,,,,,,,,,,,,,
,Key Features and Mechanics:,,,,,,,,,,,,,,
,"Terror Essence Cost: Interacting with an Oblivion Pillar requires using 1 Terror Essence, which is primarily obtained by completing Terror Rifts",,,,,,,,,,,,,,
,"Instanced Encounters: Activating an Oblivion Pillar transports the player (and their party, if applicable) to a private, instanced area.",,,,,,,,,,,,,,
,"Wave-Based Combat: Within the instance, players face multiple waves of increasingly challenging monsters. These waves often include a mix of standard enemies, elites with affixes, and potentially unique enemy types.",,,,,,,,,,,,,,
,"Final Boss Encounter: After successfully clearing all the waves, a powerful final boss will spawn. This boss typically has unique mechanics and abilities that players need to learn and counter.",,,,,,,,,,,,,,
,"Limited Attempts: If you run 50(?) Oblivion Pillars in a week, the difficulty of the mob & boss encounter rises significantly",,,,,,,,,,,,,,
,Rewards:,,,,,,,,,,,,,,
,Eternal Equipment: The primary reward for successfully completing an Oblivion Pillar encounter is the chance of dropping a piece of Eternal Equipment.,,,,,,,,,,,,,,
,,,,,,,,,,,,,,,
,,,,,,,,,,,,,,,
,,,,,,,,,,,,,,,
,,,,,,,,,,,,,,,
,Hellslayer Bounty,,,,,,,,,,,,,,
,,,,,,,,,,,,,,,
,Core Gameplay:,,,,,,,,,,,,,,
,"Hellslayer Bounties offer players a more efficient way to complete their daily Bounties. By spending Terror Essence, earned from participating in Terror Rifts, players can condense four regular Bounties",,,,,,,,,,,,,,
," into a single, more challenging Hellslayer Bounty. Completing this single bounty provides rewards equivalent to or greater than completing four individual Bounties, often with the chance of obtaining valuable Eternal Equipment.",,,,,,,,,,,,,,
,Key Features and Mechanics:,,,,,,,,,,,,,,
,Consumes Terror Essence: Activating a Hellslayer Bounty requires spending Terror Essence. The exact cost might vary but is typically one Terror Essence to convert four regular Bounties.,,,,,,,,,,,,,,
,"Replaces Four Regular Bounties: Upon activation, a Hellslayer Bounty replaces four of your available regular Bounty slots for the day. It counts as completing four Bounties for daily and Battle Pass progression.",,,,,,,,,,,,,,
,"Faster Completion (Potentially): While more challenging, a single Hellslayer Bounty can often be completed faster than traveling to and completing four separate regular Bounties.",,,,,,,,,,,,,,
,"Access through Bounty Board: Players can access the option to convert regular Bounties into a Hellslayer Bounty at the Bounty Board in Westmarch. There is a button to ""Upgrade"" Bounties using Terror Essence.",,,,,,,,,,,,,,
,Daily Availability: The number of Hellslayer Bounties a player can do per day is limited by their Terror Essence availability and the number of regular Bounties they are willing to convert.,,,,,,,,,,,,,,
,Rewards:,,,,,,,,,,,,,,
,"Equivalent to Four Regular Bounties: Players receive the standard rewards for completing four regular Bounties (Gold, Experience, Battle Pass Points).",,,,,,,,,,,,,,
,Chance for Eternal Equipment: A significant advantage of Hellslayer Bounties is the chance to receive Eternal Equipment upon completion. This is the same powerful gear type with triple primary attributes ,,,,,,,,,,,,,,
,and four magic affixes that can also be obtained from Oblivion Pillars. The drop rate might vary.,,,,,,,,,,,,,,
,,,,,,,,,,,,,,,
,,,,,,,,,,,,,,,
,,,,,,,,,,,,,,,
,,,,,,,,,,,,,,,
,Vanguard,,,,,,,,,,,,,,
,,,,,,,,,,,,,,,
,Core Gameplay:,,,,,,,,,,,,,,
,Vanguard is a cooperative PvE game mode designed for four players. You access it through a portal in Deckard Cain's Workshop (unlocked at Hell I difficulty),,,,,,,,,,,,,,
,"Like Helliquary Raids, Vanguard is available twice a week (Mon / Thu). The first 5 completions after the weekly resets get you the maximum rewards",,,,,,,,,,,,,,
,Key Features and Mechanics:,,,,,,,,,,,,,,
,"Vanguard Charms: This is a unique mechanic of the Vanguard mode. By participating, you earn Vanguard Charms. These charms provide powerful temporary buffs to your party within the Vanguard instance.",,,,,,,,,,,,,,
,"There are four categories of Vanguard skills (Might, Defense, Heal, Bane), with two skills in each.",,,,,,,,,,,,,,
,You start with basic versions of these skills.,,,,,,,,,,,,,,
,"By successfully completing Vanguard runs, you earn experience to upgrade your Vanguard skills, making them more potent for future runs. These upgrades are persistent.",,,,,,,,,,,,,,
,Vanguard skills include:,,,,,,,,,,,,,,
,Might: Increasing Critical Hit Chance or adding piercing attacks to primary attacks.,,,,,,,,,,,,,,
,Defense: Granting shields or selflessly taking damage for allies.,,,,,,,,,,,,,,
,Heal: Conjuring healing fields or tracking orbs.,,,,,,,,,,,,,,
,Bane: Dealing area damage and reducing enemy attack/movement speed or increasing damage enemies take.,,,,,,,,,,,,,,
,"Difficulty Levels: Vanguard has multiple difficulty levels (likely Normal, Hell, and potentially higher ""Elite"" tiers). Higher difficulties feature tougher enemies, bosses with more mechanics, ",,,,,,,,,,,,,,
,and may require higher-level Vanguard Charms to succeed.,,,,,,,,,,,,,,
,Leaderboard: There is a leaderboard for Vanguard Elite Clears,,,,,,,,,,,,,,
,"Helliquary Affixes: Completing Vanguard runs on higher difficulty tiers can reward you with special Helliquary Affixes. These affixes, once acquired, can be used anywhere in Sanctuary and ",,,,,,,,,,,,,,
,"enhance your Primary Attacks in unique ways (e.g., triggering boss skills on primary attacks).",,,,,,,,,,,,,,
,Rewards:,,,,,,,,,,,,,,
,"Vanguard Charms: As mentioned, these are earned through participation and are essential for progressing in the mode.",,,,,,,,,,,,,,
,Equipment: You receive standard equipment drops (including a chance for set items and Legendary items) for defeating enemies and bosses within Vanguard. ,,,,,,,,,,,,,,
,Helliquary Affixes: These powerful account-wide bonuses are a significant incentive for tackling higher Vanguard difficulties.,,,,,,,,,,,,,,
,,,,,,,,,,,,,,,
,,,,,,,,,,,,,,,
,,,,,,,,,,,,,,,
,,,,,,,,,,,,,,,
,Helliquary Raid,,,,,,,,,,,,,,
,Helliquary Raids are challenging boss encounters that can be undertaken solo or cooperatively with a raid party of up to eight players. ,,,,,,,,,,,,,,
,"The difficulty (HP of the Boss) scales (more players = more HP), and the rewards adjust based on the number of participants, emphasizing both individual skill and group coordination.",,,,,,,,,,,,,,
,Key Features and Mechanics:,,,,,,,,,,,,,,
,"Boss-Specific Mechanics: Each Helliquary boss has its own set of unique attacks, phases, and environmental hazards. Understanding these mechanics is crucial for survival and dealing effective damage.",,,,,,,,,,,,,,
,Weekly Reset: Rewards for defeating each Helliquary boss are typically limited to twice per week per difficulty level. ,,,,,,,,,,,,,,
,"Difficulty Scaling: Helliquary bosses become progressively more challenging in higher difficulties, requiring higher Combat Rating and better coordination.",,,,,,,,,,,,,,
,"Helliquary Progression Link: Defeating Helliquary bosses is essential for progressing your Helliquary, a system that unlocks permanent stat bonuses and powerful Demonic Remains to further enhance your character.",,,,,,,,,,,,,,
,Unlock Difficulties: Defeating the last Helliquary Boss of each difficulty unlocks the next higher difficulty (together with reaching the required Paragon Level),,,,,,,,,,,,,,
,Rewards:,,,,,,,,,,,,,,
,Twice a week: Players can typically receive rewards for defeating each Helliquary boss 5 times twice per week (resetting on Mondays and Thursdays).,,,,,,,,,,,,,,
,"The first completion of a Helliquary Raid grants a Bonus EXP Reward of 2.000.000 which is not subject to the EXP Penalty, so it is often used if you want to push Paragon Levels before a new difficulty",,,,,,,,,,,,,,
,Voucher: If you do the Raids with your Warband you get a Voucher for an Eternal legendary Crest (1xweek) - you still have to buy it for 1600 HILT though,,,,,,,,,,,,,,
,"Scoria/Voidblood Slag: Defeating Helliquary bosses is a primary source of Scoria (for Normal/Hell difficulties) and Voidblood Slag (for Inferno difficulties). These materials are used to upgrade your Helliquary.
Demonic Remains: Each Helliquary boss drops specific Demonic Remains. These unique items can be slotted into your upgraded Helliquary to grant significant and often build-defining passive bonuses.",,,,,,,,,,,,,,
,Key Strategies:,,,,,,,,,,,,,,
,"Know the Boss Mechanics: Before engaging a new Helliquary boss, research its abilities and phases through guides or by observing experienced players. Understanding what to expect is paramount.",,,,,,,,,,,,,,
,Strategic Positioning: Proper positioning is required to avoid deadly boss attacks and maximize damage output. Spread out to avoid area-of-effect damage or stack in specific locations for buffs or healing,,,,,,,,,,,,,,
,High DPS: Bring your highest DPS build or Support build for your damage dealers,,,,,,,,,,,,,,
,,,,,,,,,,,,,,,
,,,,,,,,,,,,,,,
,,,,,,,,,,,,,,,
,,,,,,,,,,,,,,,
,Helliquary Gauntlet,,,,,,,,,,,,,,
,,,,,,,,,,,,,,,
,Core Gameplay:,,,,,,,,,,,,,,
,The Helliquary Gauntlet is a game mode in Diablo Immortal that allows players to test their speed and skill against a sequence of Helliquary bosses.,,,,,,,,,,,,,,
,"Success in the Gauntlet often rewards players with a spot on server-wide leaderboards, offering prestige and small rewards",,,,,,,,,,,,,,
,"The Gauntlet involves facing a fixed order of Helliquary bosses. The faster you can defeat each boss, the better your overall time. Efficiency in combat and understanding boss mechanics are crucial.",,,,,,,,,,,,,,
,Key Features and Mechanics:,,,,,,,,,,,,,,
,Time-Based Challenge: The primary objective is to defeat a predetermined sequence of Helliquary bosses as quickly as possible. Your final clear time determines your ranking on the leaderboards.,,,,,,,,,,,,,,
,"Solo or Group: Unlike Helliquary Raids, the difficulty (HP) of the bosses does not scales with the number of participants, so it is significantly harder to clear them solo or in small groups.",,,,,,,,,,,,,,
,Server Leaderboards: A central feature of the Helliquary Gauntlet is the competitive aspect introduced by server-wide leaderboards. ,,,,,,,,,,,,,,
,"Repeatable for Leaderboard Ranking: While the most substantial gear rewards for the first clear of each Gauntlet tier, players can run the Gauntlet repeatedly to improve their clear times and achieve a higher ranking ",,,,,,,,,,,,,,
,on the server leaderboards. Subsequent clears might offer lesser rewards like crafting materials or gold.,,,,,,,,,,,,,,
,"Seasonal Nature: The Helliquary Gauntlet has a seasonal aspect, with leaderboards resetting and new tiers or boss sequences being introduced with major game updates.",,,,,,,,,,,,,,
,Rewards:,,,,,,,,,,,,,,
,First-Clear Rewards: Completing a tier of the Helliquary Gauntlet for the first time grants significant rewards (2 triple stat Set Items + 2 triple Stat Primary Gear Pieces) as well as Demonic Remains and 2.000.000 EXP,,,,,,,,,,,,,,
,which is not subject to the EXP Penalty and is often used when pushing Paragon Levels (do Gauntlet last when pushing to get your triple stats items already with the new difficulty stats),,,,,,,,,,,,,,
,"Cosmetic Rewards: In the past, achieving certain milestones or first clears in the Helliquary Gauntlet has also awarded unique cosmetic items, such as weapon or armor skins, providing a visual indicator of your accomplishment. ",,,,,,,,,,,,,,
,,,,,,,,,,,,,,,
,,,,,,,,,,,,,,,
,,,,,,,,,,,,,,,
,,,,,,,,,,,,,,,
,Purge the Depths,,,,,,,,,,,,,,
,This is a Warband activity focused on delving into a dangerous dungeon to get Remnant Sets for your Warband Roles,,,,,,,,,,,,,,
,Gameplay and Objectives:,,,,,,,,,,,,,,
,"Solo or Party: Similar to Defense of Cyrangar, Purge the Depths is designed for cooperative play with up to eight players. ",,,,,,,,,,,,,,
,"Sequential Dungeon Levels: The activity involves progressing through multiple levels of a procedurally generated dungeon. Each level presents a variety of challenges, including different enemy types, environmental hazards, and traps.",,,,,,,,,,,,,,
,Opening Chests: Open all Chests in the Dungeons to get the maximum amount of Remnants to have the biggest chance of getting a good set,,,,,,,,,,,,,,
,Final Boss Encounter: The culmination of Purge the Depths is a final boss fight at the deepest level of the dungeon. Defeating this boss is necessary to successfully complete the run and earn the maximum rewards. ,,,,,,,,,,,,,,
,Rewards:,,,,,,,,,,,,,,
,"Remnant Sets: The only reason why you should run Purge the Depths. Once you have a good Protector and Attacker Set, there is not much reasons to run this mode anymore",,,,,,,,,,,,,,
,,,,,,,,,,,,,,,
,,,,,,,,,,,,,,,
,,,,,,,,,,,,,,,
,,,,,,,,,,,,,,,
,Normal / Endless Defense of Cyrangar,,,,,,,,,,,,,,
,"This is a recurring PvE (Player vs. Environment) activity centered around protecting the ancestral home of the Immortals, Cyrangar, from waves of demonic invaders.",,,,,,,,,,,,,,
,"The normal mode can be done once a week, the endless mode can be done anytime.",,,,,,,,,,,,,,
,The normal mode has a fixed set of waves. The endless mode is...endless,,,,,,,,,,,,,,
,Gameplay and Objectives:,,,,,,,,,,,,,,
,"Cooperative Gameplay (Up to 8 Players): you can play solo or in a group with up to 8 players. the monster difficulty scales, e.g. they have less HP if you are fewer players",,,,,,,,,,,,,,
,"Wave-Based Defense: The core gameplay involves surviving multiple waves of increasingly powerful demons that attack Cyrangar. Each wave will have a specific composition of enemy types, including standard monsters, ",,,,,,,,,,,,,,
,"Elites with affixes, and potentially even mini-bosses.",,,,,,,,,,,,,,
,"Protecting Cyrangar: The central objective is to prevent the attacking demons from overwhelming Cyrangar. There's a health bar that represents Cyrangar's integrity. If it depletes, the defense fails.",,,,,,,,,,,,,,
,"Increasing Difficulty: As you progress through the waves, the number of enemies, their health and damage, and the complexity of their abilities will increase. (Endless Defense)",,,,,,,,,,,,,,
,"Final Boss Wave (Normal Defense): Typically, the event culminates in a final, more powerful boss enemy that you and your team must defeat to successfully complete the Defense of Cyrangar.",,,,,,,,,,,,,,
,Rewards:,,,,,,,,,,,,,,
,"Cyrangar Chests: Based on your Points, you get rewarded with a chest that can include Legendary items. This is the only reason to run this mode, because the item from this chest drops with the Difficulty level you are in",,,,,,,,,,,,,,
,"So if you reach a new difficulty and you have saved up a lot of these chests, there is a high chance that you can get some Legendary items with the new Paragon Level immediately",,,,,,,,,,,,,,
,Simultaneously this is also useful if new essences come out or a new class is introduced,,,,,,,,,,,,,,
,,,,,,,,,,,,,,,
,,,,,,,,,,,,,,,
,,,,,,,,,,,,,,,
,,,,,,,,,,,,,,,
,The Assembly,,,,,,,,,,,,,,
,The Assembly is an activity exclusively for Members of Shadow Clans,,,,,,,,,,,,,,
,Fixed time: It takes place Mon-Sat between 12:00-14:00 and 19:00-21:00. You have to collect all 4 blessings from other shadows. The blessings change every 2 minutes,,,,,,,,,,,,,,
,Get the Blessing: If you move around shortly before the next blessing activates there is a higher chance of you being selected as donor of the blessing,,,,,,,,,,,,,,
,Donate: As a selected donor if you manage to donate 4 blessings to other shadows you will receive a random equipment piece (chance of getting a legendary),,,,,,,,,,,,,,
,"Rewards: The Assemly rewards you with a lot of EXP, Shadow Marks and 12 Aspirant Keys",,,,,,,,,,,,,,
,"Saving EXP: If you exit the Assembly without claiming the Rewards you will get them in your Inbox, which is a common strategy for saving EXP for Paragon pushes",,,,,,,,,,,,,,
,"Critical Hit Buff: If you go to the Assembly and get all 4 blessings, you get a chance of +10% Critical Hit Damage for 30min. this only works if all 4 member of your group have gotten their 4 blessings.",,,,,,,,,,,,,,
,,,,,,,,,,,,,,,
,,,,,,,,,,,,,,,
,,,,,,,,,,,,,,,
,,,,,,,,,,,,,,,
,Shadow Contracts,,,,,,,,,,,,,,
,You can either run contracts solo as a sort of quest / task or you can choose to run a contract within a dungeon (solo or in a group) with a short extra task before and during the normal dungeon run,,,,,,,,,,,,,,
,Best way to do contracts is to let your Familiar do them for you. (use this option at Nisza in Westmarch),,,,,,,,,,,,,,
,Contracts are available twice a week (6 in total),,,,,,,,,,,,,,
,,,,,,,,,,,,,,,
,Solo Contracts,,,,,,,,,,,,,,
,,,,,,,,,,,,,,,
,contract,zone,Mission,,,duration,,,,,,,,,
,clarity's bane,Bilefen,"1. gather some items
2. sneak past the guards
3. defeat some immortal guards",,,3min,,,,,,,,,
,secret doors,zoltans library,"1. protect the court
2. collect stuff in Zoltans Library
3. kill the portalmaster",,,7min,,,,,,,,,
,missing persons,dark wood,"1. investigate
2. kill cultists",,,4min,,,,,,,,,
,artful replacement,shassar sea,"1. find the list (3 locations random each time)
2. get 2 ingredients
3. replace the list",,,4-7min,,,,,,,,,
,hidden flame,shassar sea,"1. impersonate a sand scorpion
2. find the location of the stockpile
3. burn down the supplies",,,6min,,,,,,,,,
,[forgot the name],shassar sea,"1. Find Karitte
2. Collect stuff in Shassar Sea
3. Sneak past the guards
4. Escape the camp in under 2min		",,,6min,,,,,,,,,
,,,,,,,,,,,,,,,
,Dungeon Contracts,,,,,,,,,,,,,,
,These can be done solo or in a party. They usually take longer than Solo Contracts but you get to complete a dungeon while doing them,,,,,,,,,,,,,,
,You dont have to complete the full dungeon if you dont want to - you can exit it when you reached the objective to be faster,,,,,,,,,,,,,,
,,,,,,,,,,,,,,,
,contract,zone,Mission,,,duration,,,,,,,,,
,The Captive Immortal,Dark Wood,"1. gather ingredients
2. coerce the bloodsworn
3. annihilate the immortal (forgotten tower)",,,10min,,,,,,,,,
,Ungovernable Impulses,Shassar Sea,"1. Save Quintus
2. Find Artifact (Tomb of Fahir)
3. Make the Swap",,,11min,,,,,,,,,
,The Hunt,Bilefen / Ashworld,"1. Interview the suspects
2. Authenticate their alibis (Mad Kings Breach)
3. Expose the traitor",,,8min,,,,,,,,,
,Runes and Ruins,Dark Wood,"1. Craft a trap of runic silver (Forgotten Tower)
2. Intercept the Immortals 
3. Escort the Caravan Master",,,10min,,,,,,,,,
,Shadow Broker,Dark Wood,"1. Find Ivan
2. Rescue Bartosz (Forgotten Tower)
3. Escort Bartosz",,,10min,,,,,,,,,
,Impossible Missions,Westmarch,"1. Complete Yasmeets 1st Challenge
2. Complete Yasmeets 2nd Challenge
3. Complete Yasmeets 3rd Challenge (Destructions End)",,,10min,,,,,,,,,
,Shady Business,Bilefen,"1. Eavesdrop on the barmaid
2. Autheticate the rumours (Temple of Namari)
3. Eliminate the traitor",,,10min,,,,,,,,,
,"Silencing the
Crimsonblade",Bilefen,"1. Speak to Wilmot
2. Infiltrate the Crimsonblade (Temple of Namari)
3. Destroy the letter",,,10min,,,,,,,,,
,,,,,,,,,,,,,,,
,,,,,,,,,,,,,,,
,,,,,,,,,,,,,,,
,,,,,,,,,,,,,,,
,Raid the Vault,,,,,,,,,,,,,,
,As a shadow you can participate in raiding the vault to steal a lot of gold and HILTS (and sometimes legendary items) from the Immortal Vault,,,,,,,,,,,,,,
,After 7 runs (if you open 40 chests) you have earned your weekly cap of gold and bonus HILTS and you will only receive 30 HILTS in subsequent runs (up to the weekly total cap of 350),,,,,,,,,,,,,,
,If you dont want to engage in PVP Fights you should leave the Vault after completing Level 3,,,,,,,,,,,,,,
,If you want to fight the Immortals you should not open chests on Level 4 because if you loose the loot will be gone for your clan members as well,,,,,,,,,,,,,,
,,,,,,,,,,,,,,,
,Rewards per run - 7 runs until weekly Gold / Bonus HILT Cap,,,,,,,,,,,,,,
,Run,Chests,Gold,Bonus HILT,HILT,,,,,,,,,,
,1,6,108.000,270,30,,,,,,,,,,
,2,12,108.000,270,30,,,,,,,,,,
,3,18,108.000,270,30,,,,,,,,,,
,4,24,108.000,270,30,,,,,,,,,,
,5,30,108.000,270,30,,,,,,,,,,
,6,36,108.000,270,30,,,,,,,,,,
,7,40,72.000,190,30,,,,,,,,,,
,8,0,0,0,30,,,,,,,,,,
,9,0,0,0,30,,,,,,,,,,
,10,0,0,0,30,,,,,,,,,,
,11,0,0,0,30,,,,,,,,,,
,12,0,0,0,20,,,,,,,,,,
,,,720.000,1810,350,,,,,,,,,,
,,,,,,,,,,,,,,,
,Raiding the Vault (without PVP) is the fastest way to earn HILTS and also complete all your Shadow Missions for the week in a short period of time,,,,,,,,,,,,,,
,Key Features and Mechanics,,,,,,,,,,,,,,
,Four-Player Teams: you can only enter the Vault in a party of 4,,,,,,,,,,,,,,
,"Three Key Floors (with a Bonus Fourth): The most crucial floors are the first three, where essence is primarily located. The fourth floor is a bonus floor with additional chests and a higher chance of encountering defending Immortals.",,,,,,,,,,,,,,
,No Cooldown Between Runs: The 3-minute cooldown between Raid the Vault attempts has been removed. Shadows can now run the Vault back-to-back.,,,,,,,,,,,,,,
,Alarm System: Triggering alarms by lingering too long without killing the wardens alerts the Immortals.,,,,,,,,,,,,,,
,"Immortal Defense (Counter-Raid): When alarmed, Immortals can enter their Vault to defend against Shadow raiders, leading to PvP encounters.",,,,,,,,,,,,,,
,"Chest Locking: When Immortals enter the Vault to defend, the chests become locked. Shadows must defeat the Immortals to loot these locked chests.",,,,,,,,,,,,,,
,"Vault Rank: The Immortal Vault now has ranks, increasing the number of Wardens (stronger Sentinels) present, making it more challenging for Shadows to clear quickly and steal essence.",,,,,,,,,,,,,,
,,,,,,,,,,,,,,,
,,,,,,,,,,,,,,,
,,,,,,,,,,,,,,,
,,,,,,,,,,,,,,,
,Path of Blood,,,,,,,,,,,,,,
,,,,,,,,,,,,,,,
,Core Gameplay:,,,,,,,,,,,,,,
,"Path of Blood is a solo, progressive challenge available exclusively to the Shadows faction.",,,,,,,,,,,,,,
,"Located in the Court of Whispers, players ascend through 100 increasingly difficult floors, each requiring the defeat of a set of enemies within a time limit. ",,,,,,,,,,,,,,
,It is recommended to do this activity first thing when you become a shadow to increase your shadow rank quickly,,,,,,,,,,,,,,
,Key Features and Mechanics:,,,,,,,,,,,,,,
,Progressive Difficulty (100 Floors): Players start at Floor 1 and must clear each floor sequentially to advance. The combat rating and the number and types of enemies increase significantly with each subsequent floor.,,,,,,,,,,,,,,
,Timed Challenges: Each floor presents a time limit within which all enemies must be defeated to progress to the next. Failing to clear a floor within the time limit requires repeating it.,,,,,,,,,,,,,,
,"Combat Rating Check: While it's possible to clear floors with a lower combat rating than recommended, having a sufficient combat rating makes the challenge significantly easier. ",,,,,,,,,,,,,,
,"Floor Skips: the game allows you to skip multiple floors (10), making it faster to complete",,,,,,,,,,,,,,
,Rewards:,,,,,,,,,,,,,,
,"Marks: Clearing each floor rewards Marks, which contribute to your personal Shadow Rank. Increasing your Shadow Rank unlocks various benefits and passive bonuses within the Shadow faction.",,,,,,,,,,,,,,
,"Hilts: Significant amounts of Hilts are awarded for reaching certain milestone floors (e.g., every 5 or 10 floors). Hilts are a valuable currency used to purchase various items, including Legendary items and Crests.",,,,,,,,,,,,,,
,,,,,,,,,,,,,,,
,Rewards,All 100 Levels,,,,,,,,,,,,,
,Shadow Marks,6.700,,,,,,,,,,,,,
,EXP,2.093.637,,,,,,,,,,,,,
,,,,,,,,,,,,,,,
,,,,,,,,,,,,,,,
,,,,,,,,,,,,,,,
,,,,,,,,,,,,,,,
,Shadow War,,,,,,,,,,,,,,
,,,,,,,,,,,,,,,
,Core Gameplay:,,,,,,,,,,,,,,
,The Battle works like the Alley of Blood Limited-Time-Event,,,,,,,,,,,,,,
,Alley of Blood,,,,,,,,,,,,,,
,,,,,,,,,,,,,,,
,Key Features and Mechanics:,,,,,,,,,,,,,,
,"When the Cycle of Strife gets into the Gathering Phase, Shadow Clans compete against each other in Shadow War Battles.",,,,,,,,,,,,,,
,The Diablo Immortal Shadow War is split into tournament-style brackets consisting of two playoff rounds between opposing clans.,,,,,,,,,,,,,,
,"In order to decide which clans face off against each other, the groups in each bracket are split into three ranks, A through C. ",,,,,,,,,,,,,,
,"Initially, your clan’s rank in the Shadow War will match its rank within the Shadows faction, but this will change based on your clan’s victories and losses in subsequent battles.",,,,,,,,,,,,,,
,"Clans will compete in 2 matches per week, earning points for each match that they win. Moving away from a traditional bracket, this means that there will be no eliminations,",,,,,,,,,,,,,,
,"and Clans will be matched against other Clans with similar points totals. Clans will earn 3 points for a win, and 1 point for a loss.",,,,,,,,,,,,,,
,"The top ten Clans with the highest scores at the end of the tournament will be greatly rewarded, with Clans that finish from 11-20 earning hearty rewards as well.",,,,,,,,,,,,,,
,"Registration: Registration for the Shadow War begins each week on Monday, 3 a.m.—Tuesday, 9 p.m. local server time. Each Clan will need 30 players to register. ",,,,,,,,,,,,,,
,"If you meet the requirements, you’ll register automatically but can switch back to manual registration if wanted.",,,,,,,,,,,,,,
,"Matchmaking Rules: If two Clans have already faced off against each other in the previous round, you’re far less likely to play against them in the following rounds.",,,,,,,,,,,,,,
,"Clans that are ranked in the top 10 are placed in a protected matchmaking pool. When there’s multiple potential opponents with similar point totals, the matchmaking system will prioritize",,,,,,,,,,,,,,
,"matching you against opponents ranked 11 or lower, whoever's points are closest.",,,,,,,,,,,,,,
,"Rewards: The top 10 Clans will earn Legendary Crests for each members, while the following Clans who finish 11—20 will earn a Legendary Crest Voucher which allows you to purchase a Legendary Crest",,,,,,,,,,,,,,
, from the Hilts Trader until 9 p.m. local server time the following Saturday.,,,,,,,,,,,,,,
,The event starts at 7:30 p.m. server time on Thursdays for the Preliminary Round and 7:30 p.m. server time on Saturdays for the Final and Third Place Playoff Rounds. ,,,,,,,,,,,,,,
,The countdown to the Shadow War's beginning will start at 7:30 p.m. server time. You have 10min to prepare,,,,,,,,,,,,,,
,The feature decides the top ten dark clans that go on to the Cycle of Strife.,,,,,,,,,,,,,,
,Rewards: Players that engage in the Shadow War are rewarded with experience and a guaranteed random Legendary item (you get this in the mail - keep it for paragon pushes),,,,,,,,,,,,,,
,,,,,,,,,,,,,,,
,,,,,,,,,,,,,,,
,,,,,,,,,,,,,,,
,,,,,,,,,,,,,,,
,Vigil of Blades,,,,,,,,,,,,,,
,,,,,,,,,,,,,,,
,Core Gameplay:,,,,,,,,,,,,,,
,Vigil of Blades is a weekly PvP event that takes place during the first three weeks of a new Immortal reign. It pits the top Shadow Clans against the Immortals in a series of 8v8 matches. ,,,,,,,,,,,,,,
,The faction that wins the majority of these matches gains a significant damage and health buff that will aid them in the upcoming Rite of Exile.,,,,,,,,,,,,,,
,The Battle itself works like the Alley of Blood Limited-Time-Event,,,,,,,,,,,,,,
,Alley of Blood,,,,,,,,,,,,,,
,,,,,,,,,,,,,,,
,Key Features and Mechanics:,,,,,,,,,,,,,,
,"Weekly Event (Early Immortal Reign): This event occurs once per week, specifically during the initial phase of a new Immortal reign (weeks 1, 2, and 3).",,,,,,,,,,,,,,
,Top Shadow Clans vs. Immortals: The 3 highest-ranking Shadow Clans (by Ranking on Tuesday evening) participate against teams formed by the current Immortal faction.,,,,,,,,,,,,,,
,Series of 8v8 Matches: The event consists of multiple 8v8 matches between the participating Shadow and Immortal teams.,,,,,,,,,,,,,,
,Point-Based Scoring: Winning matches awards points to the respective faction. There are 4 rows with 3 Matches in each row.,,,,,,,,,,,,,,
,"Matches in the first row award 8 points, second raw 4 points, third row 2 points and fourth row 1 point. So there is a total of 3x(8+4+2+1) = 45 Points. Whoever gets 23 Points or more wins.",,,,,,,,,,,,,,
,In order to win the Vigil of Blades a faction needs to win 2 battles out of the 3.,,,,,,,,,,,,,,
,Buff for Rite of Exile: The primary purpose of Vigil of Blades is to determine which faction (Shadows or Immortals) will receive a significant damage and health buff for the Rite of Exile,,,,,,,,,,,,,,
, that follows in later weeks. The faction that accumulates the most points by winning matches gains this advantage.,,,,,,,,,,,,,,
,"The Buff for each won battle is +4%, so a total of +12% damage and life buff is possible if a faction manages to win all 3 weeks - which is a huge advantage",,,,,,,,,,,,,,
,"Spectator Mode and Predictions: All players on the server can spectate the Vigil of Blades matches. There's also a prediction system where players can bet on which faction they believe will win, ",,,,,,,,,,,,,,
,earning HILT rewards for correct predictions.,,,,,,,,,,,,,,
,Rewards:,,,,,,,,,,,,,,
,Damage and Health Buff for Rite of Exile: The winning faction (Shadows or Immortals) gains a valuable +4% damage and health buff that will be active for their participants in the subsequent Rite of Exile. ,,,,,,,,,,,,,,
,This is the primary reward and significantly impacts the outcome of the final battle for control.,,,,,,,,,,,,,,
,Rewards for Participants: Players participating in the Vigil of Blades receive Rewards in the Mail similar to Shadow Wars,,,,,,,,,,,,,,
,Rewards for Correct Predictions: Players who correctly predict the winning faction in the Vigil of Blades receive HILT rewards,,,,,,,,,,,,,,
,,,,,,,,,,,,,,,
,,,,,,,,,,,,,,,
,,,,,,,,,,,,,,,
,,,,,,,,,,,,,,,
,Rite of Exile,,,,,,,,,,,,,,
,"The culmination of the Cycle of Strife, the Diablo Immortal Rite of Exile sees the top ten Dark Clans face off against the Diablo Immortal Immortals faction.",,,,,,,,,,,,,,
,The Dark Clans use this opportunity to try and overthrow the server’s reigning clan and become the new Immortals.,,,,,,,,,,,,,,
,The Rite of Exile always takes place on Sundays at 8pm server time in the 4th week of the Immortal reign,,,,,,,,,,,,,,
,There are three stages to the Rite of Exile (below),,,,,,,,,,,,,,
,"If the Shadows lose during any stage of the Rite of Exile, the reign of the current Immortals continues, forcing the Shadows to try again the following week.",,,,,,,,,,,,,,
,"The Rite of Exile can be attempted 4 times until the Shadows, inevitably, win in week 7.",,,,,,,,,,,,,,
,,,,,,,,,,,,,,,
,Rite of Exile (First Phase),,,,,,,,,,,,,,
,"The initial Rite of Exile phase sees the top ten Dark Clans each send their eight best fighters into an 8v8 battle against eight Immortals, for a total of ten simultaneous 8v8 fights. ",,,,,,,,,,,,,,
,"These fights take place on the standard battlegrounds map, and involve sub-objectives such as escorting statues to new locations, and destroying key objectives on the map. ",,,,,,,,,,,,,,
,"In Week 4, Shadows need to win 6 out of 10 matches to get to the Second Phase",,,,,,,,,,,,,,
,"In Week 5, Shadows need to win 5 out of 10 matches to get to the Second Phase",,,,,,,,,,,,,,
,"In Week 6, Shadows need to win 4 out of 10 matches to get to the Second Phase",,,,,,,,,,,,,,
,"In Week 7 the Immortal Reign will be over BUT if Shadows win 4 out of 10 matches , the Immortals cannot achieve a ""blessed reign""",,,,,,,,,,,,,,
,Immortals: The Immortals should focus on getting at least 6 good teams together and match them against the weakest Shadow Clans to win the overall fights,,,,,,,,,,,,,,
,Shadows: Each Clan should bring their strongest team to have the best chances,,,,,,,,,,,,,,
,,,,,,,,,,,,,,,
,Challenge of the Immortal (Second Phase),,,,,,,,,,,,,,
,"All participating Shadow Clan Leaders have to choose 2 Clan Members to fight alongside them in a large-scale 30vs1 battle against the Immortal Leader, known as Challenge of the Immortal.",,,,,,,,,,,,,,
,"The Immortal is transformed into a powerful raid boss with special abilities, and the Shadows need to defeat the Immortal before the time runs out or a death cap is reached. ",,,,,,,,,,,,,,
,"If the Shadows win, they enter the final phase.",,,,,,,,,,,,,,
,"Strategy:  No real strategy here, just try to kill as many Shadows as possible. Most likely the Shadows will win this fight",,,,,,,,,,,,,,
,Shadows: Since this fight will most likely be won you should already focus on the final battle. Try not to get your Gladiator/Savior procced and look for a,,,,,,,,,,,,,,
,"nice place to ""hide"" in any of the corners, along or in close proximity to allied clans. ",,,,,,,,,,,,,,
,Ranged Classes are at an advantage here because the Immortal has mostly melee attacks,,,,,,,,,,,,,,
,,,,,,,,,,,,,,,
,The Final Battle ( Third Phase),,,,,,,,,,,,,,
,"After the Immortal is beaten, all 30 players are immediately resurrected and fight in a battle royale against each other, ",,,,,,,,,,,,,,
,"and the winner claims the Eternal Crown. The leader of the Dark Clan the winner belongs to then becomes the new Immortal, ",,,,,,,,,,,,,,
,and their clan also forms the core of the Immortals faction going into the new Cycle of Strife.,,,,,,,,,,,,,,
,"Once the latest iteration of the Immortals has been assembled, the current Cycle of Strife officially ends and a new one begins.",,,,,,,,,,,,,,
,"This process automatically disbands every other Dark Clan, and the Shadows players that didn’t join the new Immortals faction become",,,,,,,,,,,,,,
,adventurers once again.,,,,,,,,,,,,,,
,"Shadows: Try to stay out of fights as long as possible. Stay together, try to avoid ""friendly fire"" with allied clans and try to take advantage of players that are vulnerable after fighting other players",,,,,,,,,,,,,,
,"Having a clear strategy for this fight is crucial because although there will be allied clans fighting in this battle, all players except for your own clan members are considered enemies on the plattform, ",,,,,,,,,,,,,,
,"so auto-attacks, AoE Damage or aggressive pets will eventually hit your allies - be careful and fight smart",,,,,,,,,,,,,,
,"You need a significant distance from enemies to use the bandage for healing, so always communicate and make sure there is a safe space to heal for retreating allies",,,,,,,,,,,,,,
,"Classes with high survivability are at an advantage here (Barbarians, Necromancer, Tempest, Monk)",,,,,,,,,,,,,,
,,,,,,,,,,,,,,,
,Blessed Reign / Immortal Cloak Reward,,,,,,,,,,,,,,
,"A Blessed Reign is the ultimate achievement for the Immortal faction, signifying a full seven weeks of successful defense against the ",,,,,,,,,,,,,,
,"Shadow uprising. It is primarily achieved by consistently winning the Rite of Exile and surviving the Challenge of the Immortal, granting exclusive cosmetic rewards",,,,,,,,,,,,,,
,Each subsequent successful Blessed Reign unlocks an upgraded version of the Blessed Reign cloak.,,,,,,,,,,,,,,
,4 Weeks (can include non-blessed reigns): Burning Cloak of the Resilient,,,,,,,,,,,,,,
,7 Weeks (achieving the first Blessed Reign): Immortal Veteran Cosmetic,,,,,,,,,,,,,,
,10 Weeks (cumulative reign): Burning Cloak of the Enduring,,,,,,,,,,,,,,
,14 Weeks (cumulative reign): Burning Cloak of the Defiant,,,,,,,,,,,,,,
,21 Weeks (cumulative reign): Immortal Legacy Cosmetic,,,,,,,,,,,,,,
,28 Weeks with 4 Blessed Reigns: Burning Cloak of the Unending,,,,,,,,,,,,,,
,42 Weeks with 6 Blessed Reigns: Burning Cloak of the Eternal,,,,,,,,,,,,,,
,63 Weeks with 8 Blessed Reigns: Burning Cloak of the Boundless,,,,,,,,,,,,,,
,98 Weeks with 11 Blessed Reigns: Burning Cloak of the Immortal,,,,,,,,,,,,,,
,,,,,,,,,,,,,,,
,,,,,,,,,,,,,,,
,,,,,,,,,,,,,,,
,Kion's Ordeal,,,,,,,,,,,,,,
,,,,,,,,,,,,,,,
,Core Gameplay:,,,,,,,,,,,,,,
,"Kion's Ordeal is a cooperative, large-scale raid available exclusively to members of the Immortal faction. Led by the Immortal Leader or Lieutenants, up to 48 Immortals participate in a coordinated effort to defeat ",,,,,,,,,,,,,,
,"four powerful Tormentors (bosses) within a limited time. The core gameplay involves splitting into smaller groups to engage each boss simultaneously, strategically managing their health to defeat them close together,",,,,,,,,,,,,,,
,and ultimately earning rewards and a powerful buff for the Immortal reign.,,,,,,,,,,,,,,
,"After the Tormentors have been killed all participants have a chance of winning extra legendary items by standing in circles for 4 rounds of an ""item lottery"". The circles indicate what kind of gear you could be winning. ",,,,,,,,,,,,,,
,"Points are awarded randomly, whoever gets the most out of the people standing in the same circle (between 0 and 102) wins the item",,,,,,,,,,,,,,
,"it's generally one pick per Immortal across all four rounds (thats how most clans do it). This means if you are lucky enough to be selected in the first round, you won't get another pick in subsequent rounds.",,,,,,,,,,,,,,
,Key Features and Mechanics:,,,,,,,,,,,,,,
,"Large-Scale Cooperative Raid (Up to 48 Players): A significant number of Immortals can participate in a single run, emphasizing the strength and unity of the ruling faction.",,,,,,,,,,,,,,
,Four Boss Encounters (Tormentors): The raid features four distinct bosses that must be defeated. These bosses have their own unique abilities and attack patterns.,,,,,,,,,,,,,,
,Simultaneous Engagement: The raid is designed for multiple groups of Immortals to engage each of the four bosses concurrently.,,,,,,,,,,,,,,
,Strategic Boss Health Management: A key mechanic is to bring all four bosses to low health at roughly the same time and then defeat them in quick succession.,,,,,,,,,,,,,,
,"Defeating bosses too far apart in time will enrage the remaining bosses, making them significantly more difficult (this aspect is no longer relevant - Kion should be easy to complete)",,,,,,,,,,,,,,
,"Multiple Difficulty Levels: Kion's Ordeal has multiple difficulty levels, offering greater challenges and potentially better rewards for stronger Immortal factions.",,,,,,,,,,,,,,
,Rewards:,,,,,,,,,,,,,,
,"Blessing of Daedessa: By completing Kion's Ordeal, the Immortals gain Daedassas Blessing, which allows them to earn 3 Aspirant Keys for completing 3 Elder Rifts each day",,,,,,,,,,,,,,
,"Dominance: Completing the raid grants a significant amount of Dominance, contributing to the Immortal reign's overall strength and potentially unlocking cosmetic rewards.",,,,,,,,,,,,,,
,Legendary Crest: The first completion of Kion in the week grants you am unbound Legendary Crest,,,,,,,,,,,,,,
,Aspirant Keys: Kion awards 15 Aspirant Keys,,,,,,,,,,,,,,
,Key Strategies:,,,,,,,,,,,,,,
,Bring your highest DPS build or Support-Buff Build to finish the Tormentors quickly,,,,,,,,,,,,,,
,,,,,,,,,,,,,,,
,,,,,,,,,,,,,,,
,,,,,,,,,,,,,,,
,,,,,,,,,,,,,,,
,Corvus Expedition,,,,,,,,,,,,,,
,"The Corvus Expedition is a rather unique Raid Experience. You can start an expedition 3 times a week (Mo, We, Fr on 8-8:30pm).",,,,,,,,,,,,,,
,"Similar to the Assembly, it rewards you with 12 Aspirant Keys",,,,,,,,,,,,,,
,A minimum of 4 Immortals is required to start the Raid.,,,,,,,,,,,,,,
,The Raid has 5 stages and you receive a reward chest at the end of each stage.,,,,,,,,,,,,,,
,"At first, you have to pick up some stuff from in the area around the expedition guide to receive the first reward chest.",,,,,,,,,,,,,,
,In the second stage you have to protect a light source to get a second reward chest,,,,,,,,,,,,,,
,In the third stage you have to answer a trivia multiple choice quiz to receive a third reward chest,,,,,,,,,,,,,,
,Here are the questions / answers:,,,,,,,,,,,,,,
,,,,,,,,,,,,,,,
,Angels and Demons,,,,,,,,,,,,,,
,"The Maiden of Anguish, who relishes torment: Andariel",,,,,,,,,,,,,,
,Which Demon has never been among the three Prime Evils: Azmodan,,,,,,,,,,,,,,
,"Hell’s greatest general, the embodiment of sin: Azmodan",,,,,,,,,,,,,,
,"The Lord of Destruction, eternally at war: Baal",,,,,,,,,,,,,,
,"The Lord of Lies, never to be trusted, always in the shadows: Belial",,,,,,,,,,,,,,
,"The youngest of the three Prime Evils, but the greatest among them: Diablo",,,,,,,,,,,,,,
,The Lord of Pain and King of Maggots: Duriel,,,,,,,,,,,,,,
,This demon helped create the World of Sanctuary: Lillith,,,,,,,,,,,,,,
,"The eldest of the Prime Evils, seething with hatred: Mephisto",,,,,,,,,,,,,,
,"The embodiment of Hope, beloved by all angels: Auriel",,,,,,,,,,,,,,
,The weapon of the Archangel of Justice is: El’ Druin,,,,,,,,,,,,,,
,"The greatest warrior in all creation, the Archangel of Valor: Imperius",,,,,,,,,,,,,,
,This angel helped create humanity: Inarius,,,,,,,,,,,,,,
,The one who holds the scroll of fate: Itherael,,,,,,,,,,,,,,
,"The first leader of the Angiris Council, the Archangel of Wisdom: Malthael",,,,,,,,,,,,,,
,How many Great Evils were born into the Burning Hells: 7,,,,,,,,,,,,,,
,How many Archangels sat on the Angiris Council at the time of Sanctuary’s creation: 5,,,,,,,,,,,,,,
,Where are the angels of High Heaven born: Crystal Arch,,,,,,,,,,,,,,
,,,,,,,,,,,,,,,
,Diablo Lore,,,,,,,,,,,,,,
,How many moons shine down on Sanctuary: 1,,,,,,,,,,,,,,
,The Worldstone is known by each of these names except: The Crystal Spear,,,,,,,,,,,,,,
,Which ancient taught the druids their ways: Vasily,,,,,,,,,,,,,,
,This Immortal King worshipped by all barbarians: Bul-Kathos,,,,,,,,,,,,,,
,Southern Kehjan is covered by: Jungles,,,,,,,,,,,,,,
,The Second Immortal was named: Akeba,,,,,,,,,,,,,,
,This Mage Clan was the first to summon demons to Sanctuary: Vizjerei,,,,,,,,,,,,,,
,,,,,,,,,,,,,,,
,Riddles,,,,,,,,,,,,,,
,"I can fall without sound, and when I do, I coat the ground: Night",,,,,,,,,,,,,,
,So fragile it is always broken by a whisper: Silence,,,,,,,,,,,,,,
,Full of teeth but cannot bite. Vanity is my birthright: Comb,,,,,,,,,,,,,,
,"The more that are taken, the more that is left behind: Footsteps",,,,,,,,,,,,,,
,"Alive without breath. Cold as death. Never thirst, but always drink: Fish",,,,,,,,,,,,,,
,"My bristles give me no protection, and always point in the same direction: Brush",,,,,,,,,,,,,,
,"It has lakes but no water, mountains but no stone, and cities but no buildings: Map",,,,,,,,,,,,,,
,"I have an eye that does not see, and yet in hand mend endlessly: Needle",,,,,,,,,,,,,,
,,,,,,,,,,,,,,,
,Math Puzzles,,,,,,,,,,,,,,
,"A smith and a tailor play at dice. They bet 1 gold per game. The smith wins 3 bets, while the tailor wins 5 gold. How many games did they play: 11",,,,,,,,,,,,,,
,"27 rats are brown, 18 rats are black, and 14 rats are white. How many rats must the blind man kill to be sure he has killed a white rat: 46",,,,,,,,,,,,,,
,A barbarian kills 17 warriors. A sorcerer kills 18. A necromancer raises 6 from the dead. How many corpses lie on the ground: 29,,,,,,,,,,,,,,
,,,,,,,,,,,,,,,
,Lastly you have to connect 3 Poles by forming a human chain,,,,,,,,,,,,,,
,Then some monsters appear that you can easily kill to receive the final reward chest.,,,,,,,,,,,,,,
,The f....ing Expedition guy is the slowest walking man on earth - he should consider getting a horse.,,,,,,,,,,,,,,
,,,,,,,,,,,,,,,
,,,,,,,,,,,,,,,
,,,,,,,,,,,,,,,
,,,,,,,,,,,,,,,
,Alley of Blood,,,,,,,,,,,,,,
,This is a unique and engaging PvP (Player vs. Player) game mode in Diablo Immortal that offers a more structured and team-based experience compared to the open-world PvP zones.,,,,,,,,,,,,,,
,"The PVP map is used for Shadow War and Vigil of Blades as well as for the limited-time-event ""Alley of Blood""",,,,,,,,,,,,,,
,The limited-time variant equalizes all players strength and only uses 6 Primary Gear Slots.,,,,,,,,,,,,,,
,Gameplay and Objectives:,,,,,,,,,,,,,,
,Team-Based PvP: Alley of Blood pits two teams of eight players against each other in a lane-style arena,,,,,,,,,,,,,,
,Guardians: An AI-controlled Guardian pushes forward for each team. Destroying him and letting your own guardian attack enemy towers is a key to victory,,,,,,,,,,,,,,
,"Towers: Each team has 2 towers defending each team's base. Sentry Towers defend themselves and deal damage to Guardians in their proximity first, then the player. ",,,,,,,,,,,,,,
,"Champion's Marks: Defeating enemy heroes, super minions, and towers drops special ""badges"" or ""Champion's Marks."" Collecting these marks strengthens your character, ",,,,,,,,,,,,,,
,"making you harder to defeat and increasing your damage output. You can have a maximum of 99 Champion’s Marks, with each one increasing your power and character’s size. ",,,,,,,,,,,,,,
,"Resurrection Mechanics: Upon death, players are automatically resurrected after a short period. The resurrection time typically increases as the match progresses.",,,,,,,,,,,,,,
,Movement Speed Boost: Players start the match with a temporary 5s boost to movement speed to facilitate early engagement.,,,,,,,,,,,,,,
,Destroy Ancient Heart The primary objective is to destroy the Ancient Heart in the opposite Side of the Alley,,,,,,,,,,,,,,
,"Limited Match Time: Matches have a time limit. If neither team reaches the victory point threshold before the time expires, the team with the higher score wins.",,,,,,,,,,,,,,
,Healing Wells / Bandage: There are respawning Wells that drop 3 Health Potions at strategic locations on the map. The bandage has a 60-second cooldown.,,,,,,,,,,,,,,
,"Special Skills: Before a match begins, players will pick one of the below Specialist skills to add to an additional Skill slot. ",,,,,,,,,,,,,,
,"Teams can’t have more than two players per Skills category, but those players can select the same sub-Skill. ",,,,,,,,,,,,,,
,,,,,,,,,,,,,,,
,Category,Sub Category,Skill Effect,,,,,,,,,,,Tier,
,Focus,Anguish Brand,"Mark one enemy player for 6 seconds. The marked enemy will drop one of their Champion's Marks for every 5% Life they lose. 
When the mark expires, that enemy takes damage equal to 30% of the Life lost while marked.",,,,,,,,,,,C,
,Focus,Stone Hex,"Bestows a curse upon a target enemy player, turning them to stone and making them vulnerable to attacks
from friends or foes. The curse lifts after 6 seconds or if the target dies",,,,,,,,,,,B,
,Siege,Guardian's Call,"Summon a single guardian that will move forward, attacking enemy Sacred Guardians and structures.
The player must stay within proximity of the guardian, or it will stand still.",,,,,,,,,,,A,
,Siege,Siege Weapon,"Summons a turret at the player’s location that prioritizes targeting enemy structures,
dealing area of effect damage where it strikes. The turret self-destructs after 8 seconds.",,,,,,,,,,,A,
,Skirmish,Dwindlemurk,"Releases a fan-shaped blast of fog. Enemy players affected by the fog have their Max Life decreased by 20%,
and their size and damage are decreased by 30%. This effect lasts for 6 seconds",,,,,,,,,,,B,
,Skirmish,"Executioner's
Glare","Fires a torrent of energy in a line that pierce across the map. Deals damage to all enemies hit,
and players with less than 10% Life are killed instantly.",,,,,,,,,,,B,
,Support,"Blessing of
Momentum",Grant teammates immunity to loss of control and increase their Attack Speed for 4 seconds.,,,,,,,,,,,A,
,Support,Justice Shield,Generate a wall at the target location that absorbs projectiles that hit its front. Lasts for 6 seconds.,,,,,,,,,,,C,
,,,,,,,,,,,,,,,
,Key Strategies:,,,,,,,,,,,,,,
,Objective Focus: prioritize destroying enemy Guardians and Towers while defending your own. Don't solely focus on player kills.,,,,,,,,,,,,,,
,Mark Collection: Actively seek out and collect Champion's Marks to increase your power and make it harder for the enemy team to defeat you.,,,,,,,,,,,,,,
,"Team Coordination: Communicate with your team to coordinate attacks, focus fire on high-priority targets, and strategize around Specialist Skill usage.",,,,,,,,,,,,,,
,Resource Management (Bandage Cooldown): Play cautiously and avoid taking unnecessary damage due to the limited healing available. Time your bandage usage wisely.,,,,,,,,,,,,,,
,Guardian Prioritization: Focus fire on enemy Guardians to clear a path for your own while protecting your Guardians from enemy attacks.,,,,,,,,,,,,,,
,,,,,,,,,,,,,,,
,,,,,,,,,,,,,,,
,,,,,,,,,,,,,,,
,,,,,,,,,,,,,,,
,Conqueror / Tower Wars,,,,,,,,,,,,,,
,This is a recurring limited-time PvP event as well as the PVP map to defend Clan Towers in Diablo Immortal that offers a more strategic and territory control-focused experience compared to the standard Battlegrounds.,,,,,,,,,,,,,,
,,,,,,,,,,,,,,,
,Gameplay and Objectives:,,,,,,,,,,,,,,
,"Limited-Time Event: Conqueror is a recurring limited-time PvP event, so it's not always available. 1 Keep an eye on in-game announcements to know when it's active.",,,,,,,,,,,,,,
,Large-Scale Territory Control (Usually 10v10 or similar): Conqueror typically involves two teams of players battling to control key strategic points across a larger map than the Battleground arenas.,,,,,,,,,,,,,,
,"Capture and Hold Towers: The primary objective is to capture and hold multiple Control Towers scattered throughout the map. These towers function as capture points, similar to flags in other territory control games.",,,,,,,,,,,,,,
,"Accumulate Points: Teams earn points continuously for each Control Tower they control. The more towers a team holds, the faster their point total increases.",,,,,,,,,,,,,,
,,,,,,,,,,,,,,,
,Number of Towers,Points/s,,,,,,,,,,,,,
,2,3,,,,,,,,,,,,,
,3,4,,,,,,,,,,,,,
,4,6,,,,,,,,,,,,,
,,,,,,,,,,,,,,,
,First to Reach the Score Limit: The first team to reach a predetermined score limit of 1300 wins the match.,,,,,,,,,,,,,,
,"Contesting Towers: To capture an enemy-controlled tower, you need to be within its vicinity without any enemy players present. The capture process takes a certain amount of time. ",,,,,,,,,,,,,,
,"The more allies present, the faster the tower is captured. Enemy players within the capture radius will halt the process.",,,,,,,,,,,,,,
,"Defending Towers: Once a tower is captured, you need to defend it from being retaken by the enemy team.",,,,,,,,,,,,,,
,"Strategic Map Movement: Effective movement across the larger map is crucial for capturing undefended towers, reinforcing contested ones, and cutting off enemy advances.",,,,,,,,,,,,,,
,"Respawning: Defeated players will respawn after a short delay, allowing them to rejoin the fight and contribute to their team's efforts. Respawns happen in waves every 25s",,,,,,,,,,,,,,
,Limited Match Time: Matches have a time limit to prevent them from becoming too drawn out. The team with the higher score at the end of the time limit wins if neither team reaches the score limit.,,,,,,,,,,,,,,
,"Guardian Spawn: When a team reaches 1000 Points, a Guardian between the middle and the closer outer tower spawns. The team who defeats him gets 200 points",,,,,,,,,,,,,,
,The Map:,,,,,,,,,,,,,,
,"Larger and More Open: Conqueror maps are typically larger and more open than Battleground arenas, allowing for more strategic movement and flanking maneuvers.",,,,,,,,,,,,,,
,Multiple Control Points: The maps feature several strategically placed Control Towers that teams will fight over.,,,,,,,,,,,,,,
,Key Strategies:,,,,,,,,,,,,,,
,Teamwork and Coordination: Effective communication and coordination are vital for capturing and holding multiple towers simultaneously. Designate players to attack specific towers or defend key locations.,,,,,,,,,,,,,,
,"Map Awareness: Understanding the layout of the map, the locations of the Control Towers, and the movement of enemy players is crucial for strategic decision-making.",,,,,,,,,,,,,,
,Tower Prioritization: Decide which towers are most important to capture (the middle one!) and hold based on their location and the current flow of the battle.,,,,,,,,,,,,,,
,"Balanced Team Composition: Having a mix of different classes with varying roles (damage dealers, tanks, support) can be beneficial for both attacking and defending towers.",,,,,,,,,,,,,,
,"Early Aggression: Often, making early pushes to capture undefended towers can give your team a significant point advantage.",,,,,,,,,,,,,,
,"Reinforcement and Defense: Once a tower is captured, ensure that enough players remain to defend it from enemy counter-attacks.",,,,,,,,,,,,,,
,"Utilize Crowd Control and Support: Skills that can disrupt enemy captures, protect allies, or heal teammates are crucial for controlling towers.",,,,,,,,,,,,,,
,Adapt to Enemy Movements: Pay attention to where the enemy team is focusing their efforts and adjust your strategy accordingly.,,,,,,,,,,,,,,
,"Pro Tip: The ""Unstuck"" button can teleport you to your base (only every 30min, so once a game)",,,,,,,,,,,,,,
,,,,,,,,,,,,,,,
,,,,,,,,,,,,,,,
,,,,,,,,,,,,,,,
,,,,,,,,,,,,,,,
,Wild Brawl,,,,,,,,,,,,,,
,,,,,,,,,,,,,,,
,Core Gameplay:,,,,,,,,,,,,,,
,"Wild Brawl is a limited-time, multi-team Player vs. Player (PvP) arena-style game mode. Typically, four teams of four players (though this can sometimes vary) are dropped into a designated zone ",,,,,,,,,,,,,,
,"(often a modified section of the Dark Wood). The objective is survival – your team must be the last one standing. The arena space shrinks over time due to encroaching lethal darkness, forcing teams into increasingly ",,,,,,,,,,,,,,
,close and dangerous engagements until only one team remains victorious. Players start at a fixed level (usually Level 60 for the event) and progress by gaining experience and looting gear within the match ,,,,,,,,,,,,,,
,to strengthen their characters. A key unique element is the temporary acquisition and upgrading of skills from any class upon leveling up during the brawl.,,,,,,,,,,,,,,
,Key Features and Mechanics:,,,,,,,,,,,,,,
,"Multi-Team Last Team Standing: Unlike the 1v1 format of Duel or the two-team structure of Battlegrounds, Wild Brawl pits multiple teams against each other in a free-for-all until one survives.",,,,,,,,,,,,,,
,In-Match Leveling and Gear Acquisition: Players begin with basic equipment and level up by defeating monsters (environmental mobs that spawn within the arena) and other players.,,,,,,,,,,,,,,
,Each level gained allows players to choose a new skill or upgrade an existing one. Gear is found in chests scattered throughout the arena and dropped by defeated players and monsters.,,,,,,,,,,,,,,
,"Cross-Class Skill Choices: A defining feature of Wild Brawl is that the skills offered upon leveling up are not restricted to your chosen class. You might find powerful abilities from other classes, ",,,,,,,,,,,,,,
,leading to highly adaptable and unpredictable character builds within a single match. Up to six skills can be equipped at any time.,,,,,,,,,,,,,,
,"Shrinking Playable Area: As the match progresses, a lethal darkness closes in on the arena, reducing the safe zone and forcing teams to confront each other. Staying outside the safe zone results in rapid health depletion.",,,,,,,,,,,,,,
,"Environmental Hazards and Features: The arena may contain environmental elements like tall grass for stealth, destructible objects, or specific terrain features that can be used strategically.",,,,,,,,,,,,,,
,"Bandage Healing: Instead of standard health potions, players typically have access to a limited-use bandage item with a significant cooldown, emphasizing careful play and tactical retreats.",,,,,,,,,,,,,,
,Key Strategies:,,,,,,,,,,,,,,
,"Success in Wild Brawl requires a blend of combat skill, strategic looting, and adaptability:",,,,,,,,,,,,,,
,Early Looting and Leveling: Quickly explore the arena to find chests and defeat early monsters to gain a level and acquire better starting gear.,,,,,,,,,,,,,,
,"Strategic Skill Selection: Carefully consider the skill choices offered upon leveling. Look for skills that synergize with your current gear and playstyle, even if they are from an unfamiliar class.",,,,,,,,,,,,,,
,"Team Coordination: Stick with your team, communicate effectively, and focus fire on enemy players. Reviving fallen teammates quickly (if the mechanic is active) is crucial.",,,,,,,,,,,,,,
,Awareness of the Shrinking Zone: Constantly monitor the encroaching darkness and reposition your team to stay within the safe area. Getting caught outside the zone is often a death sentence.,,,,,,,,,,,,,,
,"Environmental Awareness: Utilize the terrain and any environmental features to your advantage, such as using tall grass for ambushes or line-of-sight breaks.",,,,,,,,,,,,,,
,"Bandage Management: Use your bandages wisely and avoid taking unnecessary damage, as healing is limited.",,,,,,,,,,,,,,
,Focus Fire: Coordinate with your team to focus damage on a single enemy player to eliminate them quickly.,,,,,,,,,,,,,,
,,,,,,,,,,,,,,,
,,,,,,,,,,,,,,,
,,,,,,,,,,,,,,,
,,,,,,,,,,,,,,,
,Trial of the Hordes,,,,,,,,,,,,,,
,,,,,,,,,,,,,,,
,Core Gameplay:,,,,,,,,,,,,,,
,Trial of the Hordes is a Player vs. Player (PvP) event where two individual players (of the same class) compete to see who can defeat more waves of demons within a limited timeframe. ,,,,,,,,,,,,,,
,"Players not only fight their own hordes but can also strategically spawn additional, tougher demons into their opponent's lane to overwhelm them. The player with the highest score at the end of the trial wins.",,,,,,,,,,,,,,
,Key Features and Mechanics:,,,,,,,,,,,,,,
,1v1 Same-Class PvP: Players are matched against another player using the same class. This emphasizes skill and build optimization within the constraints of a specific class.,,,,,,,,,,,,,,
,Wave-Based Demon Slaying: Both players face continuous waves of demons spawning in their respective lanes. The difficulty and types of demons increase over time.,,,,,,,,,,,,,,
,"Orb Collection and Enemy Spawning: Defeating certain enemies drops orbs. These orbs are crucial as they allow players to spawn additional, challenging demons into their opponent's lane",,,,,,,,,,,,,,
,Limited Time Matches: Each Trial of the Hordes match has a set time limit. The player with the highest cumulative score (based on the number and type of demons defeated) at the end of the time wins.,,,,,,,,,,,,,,
,Ranking System and Leaderboards: The event features a ranking system where players gain or lose points based on their wins and losses. ,,,,,,,,,,,,,,
,Rewards:,,,,,,,,,,,,,,
,Reward Chest: The reward chest offering you a gear piece (of the difficulty your are in when opening the chest) is the best part about the mode. ,,,,,,,,,,,,,,
,"If you are constantly losing and wonder why please watch Craines Video ""how to always win in Trial of the Hordes""",,,,,,,,,,,,,,
,,,,,,,,,,,,,,,
,,,,,,,,,,,,,,,
,,,,,,,,,,,,,,,
,,,,,,,,,,,,,,,
,Sentinel's Stand,,,,,,,,,,,,,,
,,,,,,,,,,,,,,,
,Core Gameplay:,,,,,,,,,,,,,,
,Sentinel's Stand is a recurring daily solo event located in the Southern Dreadlands zone. Players must strategically defend a central Shardstorm (the Sentinel) against waves of demons that attack,,,,,,,,,,,,,,
,from multiple paths. The core gameplay involves collecting resources dropped by defeated enemies to build and upgrade defensive towers around the Shardstorm to prevent the demons from reaching it.,,,,,,,,,,,,,,
,Key Features and Mechanics:,,,,,,,,,,,,,,
,Daily Solo Event: Players can participate in Sentinel's Stand once per day. The event becomes available at a specific time and remains active for a certain duration.,,,,,,,,,,,,,,
,"Location: Southern Dreadlands: The event takes place within a specific area of the Southern Dreadlands zone, indicated on the map when active.",,,,,,,,,,,,,,
,"Tower Defense: Players utilize a tower defense system, strategically placing and upgrading various types of towers with different attack styles and elemental affinities to combat the incoming demonic hordes.",,,,,,,,,,,,,,
,"Wave-Based Attacks: Demons attack in 5 waves, approaching the Shardstorm from different directions. The number and strength of enemies increase with each wave.",,,,,,,,,,,,,,
,Resource Management: Defeating enemies grants a resource that is used to build and upgrade towers. Efficient resource management is crucial for establishing a strong defense.,,,,,,,,,,,,,,
,"Tower Variety: Players can build different types of towers, such as those that deal single-target damage, area-of-effect damage, apply crowd control (like slowing or freezing), or exploit enemy weaknesses (indicated during the waves).",,,,,,,,,,,,,,
,"Tower Upgrades: Towers can be upgraded 4 times to increase their damage output, attack speed and range",,,,,,,,,,,,,,
,"Limited Tower Slots: There is a limit of 10 towers a player can build simultaneously, requiring strategic placement and decisions on which towers to prioritize.",,,,,,,,,,,,,,
,Victory Condition: Victory is achieved by successfully defending the Shardstorm against all waves of demons before they can destroy it. ,,,,,,,,,,,,,,
,Rewards:,,,,,,,,,,,,,,
,Bonus Chests: Completing the event with a high success rate rewards you with a guaranteed legendary item,,,,,,,,,,,,,,
,"After completing the event, your towers will continue to slay enemies for 60min. After that a notification will pop up and you can return to the Event to collect all loot (might include 1-3 more legendaries)",,,,,,,,,,,,,,
,Key Strategies:,,,,,,,,,,,,,,
,"Early Resource Prioritization: Focus on building 3 Boltcasters in the first lane, upgrade 2 of them to level 2. Then keep building/upgrading Boltcasters",,,,,,,,,,,,,,
,Elemental Advantage: Pay attention to any elemental weaknesses the incoming demon waves might have. Build towers with corresponding elemental damage to deal increased damage.,,,,,,,,,,,,,,
,,,,,,,,,,,,,,,
,,,,,,,,,,,,,,,
,,,,,,,,,,,,,,,
,,,,,,,,,,,,,,,
,Fractured Plane,,,,,,,,,,,,,,
,Fractured Plane is a unique and engaging game mode in Diablo Immortal that offers a refreshing departure from the usual grind.,,,,,,,,,,,,,,
,Gameplay and Objectives:,,,,,,,,,,,,,,
,"Limited-Time Event: The Fractured Plane is a recurring limited-time event, meaning it's not always available. When it is active, it offers a distinct gameplay experience.",,,,,,,,,,,,,,
,"Start with Nothing: Unlike other game modes yYou begin with a basic class template, no gear, and a set of temporary skills.",,,,,,,,,,,,,,
,"9 Floors of Challenges: The Fractured Plane consists of 9 randomly generated floors, each presenting a unique set of challenges. ",,,,,,,,,,,,,,
,"Acquire Temporary Gear and Powers: As you progress through the floors, you'll find temporary gear, gems, and powerful Blessings.",,,,,,,,,,,,,,
,Temporary Gear: This gear is specific to the Fractured Plane run and provides stats and sometimes unique effects. You'll constantly be finding and replacing gear as you go.,,,,,,,,,,,,,,
,"Temporary Gems: Similar to regular gems but only for the duration of the run, these enhance your stats.",,,,,,,,,,,,,,
,"Blessings: These are powerful, run-specific buffs that can significantly impact your character's abilities and playstyle. You earn Blessings by completing certain challenges or finding them within the floors. ",,,,,,,,,,,,,,
,These can range from increased damage to unique skill modifications.,,,,,,,,,,,,,,
,Adapt and Build: The core of the Fractured Plane lies in adapting to the gear and Blessings you find. You'll need to make strategic decisions about which items to equip and how to utilize your temporary,,,,,,,,,,,,,,
, skills in combination with your acquired powers.,,,,,,,,,,,,,,
,"No Paragon Levels or Existing Gear: Your character's Paragon level, existing gear, and gems have no impact within the Fractured Plane. ",,,,,,,,,,,,,,
,It's a test of your understanding of your class mechanics and your ability to make the most of what you find.,,,,,,,,,,,,,,
,Rewards:,,,,,,,,,,,,,,
,You can get a lot of Legendary items (4+) for each completion of The Fractured Planes,,,,,,,,,,,,,,
,Key Strategies:,,,,,,,,,,,,,,
,"Understand Your Class Mechanics: Even though you start with basic skills, a solid understanding of your chosen class's core mechanics and potential skill synergies will be beneficial.",,,,,,,,,,,,,,
,"Prioritize Survivability: Since too many deaths means restarting, focusing on staying alive is crucial. Don't be afraid to play defensively if necessary.",,,,,,,,,,,,,,
,,,,,,,,,,,,,,,
,,,,,,,,,,,,,,,
,,,,,,,,,,,,,,,
,,,,,,,,,,,,,,,
,Survivor's Bane,,,,,,,,,,,,,,
,,,,,,,,,,,,,,,
,Core Gameplay:,,,,,,,,,,,,,,
,Survivor's Bane is a top-down survival mode where you must defend against endlessly spawning enemies while collecting the experience orbs they drop to earn new skills. ,,,,,,,,,,,,,,
,Eventually elite monsters and bosses will spawn that drop equipment. The character automatically uses all of its available skills so you only need to control the movement.,,,,,,,,,,,,,,
,"Each run of Survivor's Bane resets the character progress, and you must re-earn all the skills and equipment. Every level up presents a random choice of skills which could be a new skill or an upgrade",,,,,,,,,,,,,,
, to an existing one. Elite monsters drop Skill Orbs that also offer a skill choice. The final upgrade of each skill is a choice between two different effects. Rare Elite monsters and bosses drop ,,,,,,,,,,,,,,
,"Equipment upgrades, which are initially new pieces, then upgrades to existing ones. The character has 6 slots for skills and 6 slots for equipment, once the limits are reached, ",,,,,,,,,,,,,,
,"new pickups will only be upgrades. If all skills are maxed out, further level-ups and elite group kills will instead drop some coins and scrap materials to be used in the regular Diablo Immortal game",,,,,,,,,,,,,,
," (this seems to have a cap of 15 drops, which can be reached in endless mode with both modifiers active). However after equipment is maxed out, further item upgrade drops will do nothing. ",,,,,,,,,,,,,,
,"At one point, a horde of Treasure Goblins can appear, challenging the player to kill as many as possible before they can teleport away, and rewarding lots of equipment in the main game.",,,,,,,,,,,,,,
,Healing Pools spawn around the map and are the most common form of healing. Treasure chests may also spawn containing scrap materials and gold. ,,,,,,,,,,,,,,
,"Other randomly spawning objects are Conduit Shrines which let you strike nearby enemies with lightning, and Disintegration Shrines which create 5 very powerful beams in front of you that can ",,,,,,,,,,,,,,
,cut through masses of enemies or take down a Boss quickly.,,,,,,,,,,,,,,
,"The game can be paused, and in fact pausing is automatic while on the skill/equipment upgrade screens.",,,,,,,,,,,,,,
,"There are 3 levels, with the bottom two being unlocked by beating the one above them.",,,,,,,,,,,,,,
,Shassar Sea (equipment slots are disabled),,,,,,,,,,,,,,
,Ashwold Cemetery,,,,,,,,,,,,,,
,"Endless - is not actually endless. It goes through 4 stages switching randomly between Frozen Tundra, Shassar Sea and Ashwold Cemetery. In the last stage,",,,,,,,,,,,,,,
, bosses appear along with regular monsters (as opposed to despawning them) and eventually the final boss (the Butcher) appears.,,,,,,,,,,,,,,
,,,,,,,,,,,,,,,
,Key Features and Mechanics:,,,,,,,,,,,,,,
,"Gearless Start: Players begin each Survivor's Bane run without any of their equipped items, emphasizing skill and adaptability.",,,,,,,,,,,,,,
,"Random Starting Skill: You'll start with one random skill from your chosen class, forcing you to build from a fresh foundation.",,,,,,,,,,,,,,
,"Leveling and Skill Selection within the Run: Defeating enemies grants experience orbs, leading to rapid level-ups. Each level gained offers a choice between equipping a new skill ",,,,,,,,,,,,,,
,(potentially from any class) or upgrading an existing one (up to a maximum of six equipped skills).,,,,,,,,,,,,,,
,Elite Monsters and Bosses: Tougher elite monsters and zone-ending bosses with unique abilities will challenge your temporary build.,,,,,,,,,,,,,,
,"Automatic Skill Casting: Once you equip skills during a run, they are often cast automatically as you move and encounter enemies, focusing the gameplay on movement, positioning, and skill selection.",,,,,,,,,,,,,,
,"Top-Down Perspective: The game mode often shifts to a top-down, vertically scrolling perspective, providing a wider view of incoming threats.",,,,,,,,,,,,,,
,,,,,,,,,,,,,,,
,Skills:,,,,,,,,,,,,,,
,"Skills are not restricted to your character's class, skills from all classes may show up randomly. The starting skill is based on your class",,,,,,,,,,,,,,
,,,,,,,,,,,,,,,
,Skill,Class,Type,Effect,,"Max Level
Choice 1",,"Max Level
Choice 2",,,,,,,
,Hammer o.t. Ancients,Barbarian,Achievement,Call forth a massive hammer which smashes enemies in front of you,,Killing an enemy with the Hammer of the Ancients stuns all nearby enemies for 2 seconds,,Hammer of the Ancients continues to damage enemies over time,,,,,,,
,Whirlwind,Barbarian,Starting Skill,"Become a whirlwind of steel, continually striking all nearby enemies",,"Damage becomes Lightning damage, and has a chance to heal you",,"Damage becomes Fire damage, and move speed is increased by 30%",,,,,,,
,Ground Stomp,Barbarian,Arcane,"Smash the ground, damaging all enemies in front of you",,Ground Stomp now also damages all enemies behind you,,"Triggers Undying Rage for 6 seconds, and gives 5% Life Steal",,,,,,,
,Spear Flurry,Blood Knight,,Channel a flurry of polearm attack,,Recover 2% of your maximum Health every time an enemy is killed,,"When an enemy is killed, an additional spear is thrown, damaging all enemies in its path",,,,,,,
,Wave of Blood,Blood Knight,Starting Skill,Release a bloody explosion in front of you,,35% chance to launch three extra spears,,"If Health is below 50%, Wave of Blood will also trigger Transfusion",,,,,,,
,Swarm of Bats,Blood Knight,Achievement,Call a cloud of bats to continually attack enemies for 6 seconds,,"Swarm of Bats now also triggers Sanguinate, which increases move speed by 50% and makes it so you cannot be targeted",,Swarm of Bats will now unleash Tendrils of Blood every 0.5 seconds and pull enemies into the center,,,,,,,
,Spinning Shield,Crusader,Starting Skill,"Hurl a spinning shield, inflicting damage in its path before returning to deal more damage.",,Catching the shield will create a shockwave that damages nearby enemies,,Catching the shield will heal you,,,,,,,
,Falling Sword,Crusader,Achievement,Impale a holy sword in the ground where it deals damage over 3 seconds to all nearby enemies,,Moving to Falling Sword's location will remove the effect and heal you,,Stuns enemies for 3 seconds,,,,,,,
,Condemn,Crusader,Arcane,"Build up a massive explosion, dealing damage to all nearby enemies",,"While Condemn is charging, you are Invincible",,"An additional Fist of the Heavens will strike, dealing Lightning damage",,,,,,,
,Rain of Vengeance,DH,,Fire a massive volley of arrows at a large area. Arrows fall from the sky dealing Fire damage over 3 seconds to all enemies in the area.,,35% chance to stun enemies for 2 seconds,,Duration is extended by 1 second each time an enemy dies,,,,,,,
,Sentry,DH,Achievement,Summon a turret that fires at nearby enemies,,"Arrows penetrate enemies, doing slightly less damage to each enemy that is hit",,Arrows heal 5% of your total Life,,,,,,,
,Multishot,DH,Starting Skill,Fire 3 arrows at the nearest enemy,,Fire a salvo of freezing arrows that inceases the critical strike chance of affected enemies by 50%,,"Arrows penetrate enemies, doing slightly less damage to each enemy that is hit",,,,,,,
,Strafe,DH,Arcane,"Spin rapidly while moving at 50% increased speed, shooting in all directions",,Now creates a Knife Trap on the ground,,"Strafe becomes Impale, throwing knives in all directions, dealing damage to all enemies they pass through",,,,,,,
,Deadly Reach,Monk,Starting Skill,Project lines of piercing force to damage the enemies ahead,,"Triggers Shield of Zen, absorbing damage",,Deadly Reach sends a fury of punches in the direction the player is currently moving,,,,,,,
,Breath of Heaven,Monk,Arcane,"Create an area of effect that lasts 6 seconds, and while inside it, Movement Speed is increased by 30%, and heal 5% of maximum Life every second",,Breath of Heaven now damages enemies,,"Enemy Attack Speed, Movement Speed and Projectile Speed are reduced by 75% while Breath of Heaven is active",,,,,,,
,Wave Strike,,Achievement,"Unleash a wave of energy, carrying enemies hit within it and exploding, dealing damage to nearby enemies",,Deals Fire damage,,"When Wave Strike explodes, Imprisoned Fist is unleashed",,,,,,,
,Bone Spear,Necromancer,Starting Skill,Shoot a piercing Spear through multiple enemies,,Spear does Lightning dmg + dmg +15% for each enemy it pierces,,"Spear width + range +30%. Dmg +100%, but drains 2% of your current Health",,,,,,,
,Command Skeletons,Necromancer,,Summon skeletal champions to attack nearby enemies,,Skeletal champions are replaced with skeletal archers and will not be attacked,,"Skeletal Champions explode after 5 seconds, dealing Lightning damage to nearby enemies",,,,,,,
,Skeletal Mage,Necromancer,Achievement,Summon a skeletal mage that throws bolts of freezing soulfire at enemies,,Skeletal mages release shockwaves that deal Lightning dmg to nearby enemies,,"Bone Spirits are released every second, dealing dmg to all enemies in their path",,,,,,,
,Command Golem,Necromancer,Arcane,Summon a golem to attack enemies and force them to attack it,,Golems will be engulfed in flames and will deal Fire damage to enemies,,"Golems take 30% of the damage dealt to the player, and will stun nearby enemies for 3 seconds upon death",,,,,,,
,Crosswinds,Tempest,,"Unleash wind blades at the nearest enemy, dealing damage",,Crosswinds triggers Wind Walk every 5 attacks,,Corsswinds splits off into 4 blades on a Critical Hit,,,,,,,
,Wave Edge,Tempest,Primary,Attack in an arch that damages enemies to either the left or right,,Wave Edge now attacks to both front and behind,,Wave Edge is now a bow that shoots piercing water arrows at enemies,,,,,,,
,Zephyr Surge,Tempest,,"Unleash 5 slashes within 1 second, and you cannot be targeted while attacking",,Zephyr Surgenow charges for 1.5 seconds before releasing a powerful slash in front of you,,"Damage is now Lightning damage, and its Cooldown is reduced by 0.1 seconds for each monster it kills",,,,,,,
,Vortex,Tempest,Achievement,"Summon a whirlpool that pulls in nearby enemies, dealing continuous damage",,Restore 5% of your maximum Life per second while standing in Vortex,,Vortex transforms into a waterspout that knocks enemies within it into the air ince per second,,,,,,,
,Magic Missiles,Wizard,Starting Skill,Lauch a missile of magic energy,,Magic Missile fires twice,,Magic Missile becomes Chain Lightning,,,,,,,
,Arcane Torrent,Wizard,Achievement,Channel a barrage of arcane projectiles at the surrounding enemy,,"Conjure a black hole at a location, which will pull in all nearby enemies and deal damage over time.",,Channel an additional Torrent,,,,,,,
,Ray of Frost,Wizard,Starting Skill,"Channel a beam of frost in a direction, dealing Freezing dmg to all enemies caught in the beam.",,Ray of Frost now fires 2 additional rays,,Ray of Frost now has a 35% chance of creating Ice Armor. Ice Armor damages all nearby enemies when it breaks.,,,,,,,
,Hydra,Wizard,,Summon a three headed serpent that attacks the enemy,,"Hydra now deals Lightning damage, Critical Hit chance increased 50%",,Hydra is now summoned by Meteor impact,,,,,,,
,,,,,,,,,,,,,,,
,Legion Mode,,,,,,,,,,,,,,
,One or two random buffs can be activated at the beginning of Endless Mode. The buffs can be re-rolled up to 2 times.,,,,,,,,,,,,,,
,Extra Skilled: You can now equip up to 8 Skills.,,,,,,,,,,,,,,
,"Extra Skilled: Enhanced: You can now equip up to 8 Skills, and Skill damage is increased by 100%.",,,,,,,,,,,,,,
,Patience: Standing still for 3 seconds will increase your Damage by 25% for a period of time. OR Damage is increased by 50% for a short duration after standing still for 1 second.,,,,,,,,,,,,,,
,Patience: Enhanced: Standing still for 3 seconds will increase your Damage by 50% for a period of time.,,,,,,,,,,,,,,
,"Dodging Responsibility: Movement Speed is increased by 50%, but Health is decreased by 50%.",,,,,,,,,,,,,,
,"Focused Skills: You may only equip 3 Skills, but all cooldowns are reduced by 25% and all damage is increased by 100%.",,,,,,,,,,,,,,
,"Focused Skills: Enhanced: You may only equip 3 Skills, but all cooldowns are reduced by 35% and all damage is increased by 200%.",,,,,,,,,,,,,,
,"Resurrection: Gain 2 resurrections. Upon resurrecting, recover 100% of your Health, and your damage is increased by 10%.",,,,,,,,,,,,,,
,"Resurrection Enhanced: Gain 2 resurrections. Upon resurrecting, recover 100% of your Health, and your damage is increased by 20%.",,,,,,,,,,,,,,
,Lucky: Higher chance for Arcane Skills to show up.,,,,,,,,,,,,,,
,"Slow And Steady: Movement Speed is reduced by 90%, but you take 50% less damage from enemies, Damage is increased by 50%, Life Steal is increased by 10%, and Pick-Up Distance is increased by 200%.",,,,,,,,,,,,,,
,"Slow And Steady: Enhanced: Movement Speed is reduced by 90%, but you take 50% less damage from enemies, Damage is increased by 100%, Life Steal is increased by 15%,",,,,,,,,,,,,,,
, and Pick-Up Distance is increased by 300%.,,,,,,,,,,,,,,
,Healed Up: Each Level Up restores 15% of your Health and releases a wave of damage to all nearby enemies.,,,,,,,,,,,,,,
,Healed Up: Enhanced: Each Level Up restores 30% of your Health and releases a wave of damage to all nearby enemies.,,,,,,,,,,,,,,
,Faster and Faster: Each Level Up increases Movement Speed a small amount.,,,,,,,,,,,,,,
,,,,,,,,,,,,,,,
,Key Strategies:,,,,,,,,,,,,,,
,Success in Survivor's Bane relies on quick decision-making and adapting to the available skills:,,,,,,,,,,,,,,
,Prioritize Early Levels and Skills: Focus on quickly gaining a few levels and selecting skills that provide good initial clear speed and survivability.,,,,,,,,,,,,,,
,"Synergize Skills: Look for skills that work well together, regardless of their original class. Experiment with different combinations to find powerful synergies.",,,,,,,,,,,,,,
,Adapt to Available Choices: You won't always get your ideal skills. Be prepared to make the best of what's offered and adjust your playstyle accordingly.,,,,,,,,,,,,,,
,"Focus on Survival: Since you start without gear, prioritize skills and upgrades that enhance your survivability, such as healing, shields, or crowd control.",,,,,,,,,,,,,,
,Learn Enemy Patterns: Pay attention to the attack patterns of different enemies and bosses to avoid taking unnecessary damage.,,,,,,,,,,,,,,
,"Strategic Movement: While skills are often auto-cast, your movement is crucial for dodging attacks and positioning yourself effectively against groups of enemies.",,,,,,,,,,,,,,
,Optimize for AoE and Single-Target: Balance your skill selections to handle both large waves of weaker enemies and tougher single targets like elites and bosses.,,,,,,,,,,,,,,
,"Utilize Environmental Features: If present, use any environmental obstacles or features to your advantage.",,,,,,,,,,,,,,
,,,,,,,,,,,,,,,
,Rewards:,,,,,,,,,,,,,,
,"This mode rewards TONS of materials, Gold and a few Legendary Gear Pieces. It is also one of the most fun game modes ",,,,,,,,,,,,,,
,,,,,,,,,,,,,,,
,,,,,,,,,,,,,,,
,,,,,,,,,,,,,,,
,,,,,,,,,,,,,,,
,Ancient Arena,,,,,,,,,,,,,,
,,,,,,,,,,,,,,,
,Core Gameplay:,,,,,,,,,,,,,,
,Ancient Arena is a limited-time Player vs. Player (PvP) zone event that takes place in a specific area of Bilefen. It is a free-for-all deathmatch where individual players or small impromptu groups battle ,,,,,,,,,,,,,,
,to be the last one standing. The primary objective is to survive the chaotic PvP environment and ultimately open the Nephalem Cache located in the center of the arena to claim its guaranteed Legendary reward.,,,,,,,,,,,,,,
,Key Features and Mechanics:,,,,,,,,,,,,,,
,Free-for-All PvP: All players within the designated Ancient Arena zone are hostile to each other. There are no dedicated teams.,,,,,,,,,,,,,,
,Last Player Standing: The event continues until only one player remains alive within the arena.,,,,,,,,,,,,,,
,Nephalem Cache: A special chest spawns in the center of the arena. The last player(s) alive typically need to interact with and open this chest to complete the event and receive the main reward.,,,,,,,,,,,,,,
,"Respawning Restrictions: Once defeated within the Ancient Arena, players are usually unable to respawn or re-enter the event area until it concludes.",,,,,,,,,,,,,,
,Time-Limited Availability: Ancient Arena is not a permanent game mode and appears as a limited-time event,,,,,,,,,,,,,,
,Rewards:,,,,,,,,,,,,,,
,The primary reward for winning the Ancient Arena is a guaranteed Legendary item from the Nephalem Cache. Additional rewards can include:,,,,,,,,,,,,,,
,Key Strategies:,,,,,,,,,,,,,,
,"Survival in the Ancient Arena requires a mix of combat skill, situational awareness, and opportunistic play:",,,,,,,,,,,,,,
,"Group Up (Early): While it's a free-for-all, forming temporary alliances with other players can significantly increase your chances of survival against solo opponents or larger groups. ",,,,,,,,,,,,,,
,"Focus Fire: If you are in a group, coordinate your attacks to quickly eliminate individual threats.",,,,,,,,,,,,,,
,Prioritize Survival: Your primary goal is to be the last one standing. Sometimes retreating or avoiding a fight is the best strategy.,,,,,,,,,,,,,,
,"Coordinate to Open the Chest: If you are in a group that has survived, work together to ensure someone can safely interact with and open the Nephalem Cache.",,,,,,,,,,,,,,
,,,,,,,,,,,,,,,
,,,,,,,,,,,,,,,
,,,,,,,,,,,,,,,
,,,,,,,,,,,,,,,
,Destruction's Call,,,,,,,,,,,,,,
,,,,,,,,,,,,,,,
,Core Gameplay:,,,,,,,,,,,,,,
,Destruction's Call is a daily open-world PvP event that takes place within the Ancient's Cradle. Two teams of players engage in a battle to capture and hold flags scattered throughout the zone. ,,,,,,,,,,,,,,
,The primary objective is to accumulate points by controlling these flags for a set duration. Players also engage in PvP combat to defend their captured flags and attempt to take control of enemy flags.,,,,,,,,,,,,,,
,Key Features and Mechanics:,,,,,,,,,,,,,,
,Zone-Specific Event: The event occurs within the designated Ancient's Cradle zone.,,,,,,,,,,,,,,
,"Timed Event: Destruction's Call has a specific start and end time, occurring periodically.",,,,,,,,,,,,,,
,Capture the Flag: The core mechanic involves capturing neutral flags or taking control of enemy-held flags by standing near them for a period.,,,,,,,,,,,,,,
,Point Accumulation: Teams earn points over time for each flag they control. The first team to reach a target score wins the match.,,,,,,,,,,,,,,
,PvP Combat: Engaging and defeating enemy players is essential for controlling flags and preventing the opposing team from scoring.,,,,,,,,,,,,,,
,"Respawning: Players are typically able to respawn after being defeated, allowing for continuous engagement in the battle.",,,,,,,,,,,,,,
,Team-Based Gameplay: Cooperation and coordination within your team are crucial for effectively capturing and defending flags.,,,,,,,,,,,,,,
,Key Strategies:,,,,,,,,,,,,,,
,Flag Prioritization: Identify key flags to capture and defend based on their location and potential to contribute to your score.,,,,,,,,,,,,,,
,Area Control: Work with your team to control strategic areas around flags to prevent enemy capture attempts.,,,,,,,,,,,,,,
,Effective PvP: Engage enemy players to disrupt their flag captures and eliminate threats to your controlled zones.,,,,,,,,,,,,,,
,"Utilize Class Strengths: Different classes excel in different roles (e.g., high damage for offense, crowd control for defense). Coordinate your team composition accordingly.",,,,,,,,,,,,,,
,,,,,,,,,,,,,,,
,,,,,,,,,,,,,,,
,,,,,,,,,,,,,,,
,,,,,,,,,,,,,,,
,Diablo Boss Fight,,,,,,,,,,,,,,
,The Diablo Boss Fight is like a Helliquary Boss Fight. It is available all the time in a Location in the North of World's Crown Zone,,,,,,,,,,,,,,
,Core Gameplay,,,,,,,,,,,,,,
,The fight has three stages. You need to use El'Druin (separate skill button) to kill of mobs between the stages to finish the fight faster,,,,,,,,,,,,,,
,Rewards: ,,,,,,,,,,,,,,
,Legendary Item: The first completion each week gets you a guaranteed Legendary Item,,,,,,,,,,,,,,
,Cosmetics: The first overall completion gets you a cosmetic weapon,,,,,,,,,,,,,,
,,,,,,,,,,,,,,,
,,,,,,,,,,,,,,,
,,,,,,,,,,,,,,,
,Akeba's Ordeal,,,,,,,,,,,,,,
,"A new way to earn Marks for Shadow Clans during the Cycle of Strife. Slay your way through Akeba’s Ordeal, a four player Shadow Clan exclusive fight where you’ll need to strike down two bosses to emerge",,,,,,,,,,,,,,
,triumphant.,,,,,,,,,,,,,,
,"Should you choose to select this fight in higher difficulty levels, the bosses you fight will be empowered by Affixes from Challenge Dungeons.",,,,,,,,,,,,,,
,"Completing Akeba’s Ordeal rewards Marks, strengthening your Shadow Clan during the Cycle of Strife. Completing Akeba’s Ordeal for the first time each week will grant higher rewards and Marks.",,,,,,,,,,,,,,